,quantity,average_trading_price,PNL,Profit_fulfillment_bool_trigger
ADANIPORTS,0,0,"[('2019-02-13', 'BUYING CHANCE! for', 341.65, 0, 0), ('2019-03-06', 'BUYING CHANCE! for', 337.05, 0, 0), ('2019-05-20', 'BUYING CHANCE! for', 400.1, 0, 0), ('2019-05-21', 'BUYING CHANCE! for', 387.6, 0, 0), ('2019-06-26', 'BUYING CHANCE! for', 414.95, 0, 0), ('2019-07-10', 'BOUGHT for', 405.0, 405.0, 1), ('2019-08-05', 'SOLD for', 367.85, 405.0, 'PNL: ', -9.17), ('2019-08-27', 'BOUGHT for', 372.05, 372.05, 1), ('2019-08-27', 'BUYING CHANCE! for', 372.05, 372.05, 1), ('2019-11-29', 'BUYING CHANCE! for', 382.05, 372.05, 1), ('2019-12-09', 'BOUGHT for', 373.6, 372.82500000000005, 2), ('2020-01-01', 'BUYING CHANCE! for', 377.65, 372.82500000000005, 2), ('2020-02-06', 'BUYING CHANCE! for', 370.2, 372.82500000000005, 2), ('2020-02-07', 'BUYING CHANCE! for', 369.55, 372.82500000000005, 2), ('2020-02-19', 'BUYING CHANCE! for', 371.3, 372.82500000000005, 2), ('2020-02-28', 'SOLD for', 342.2, 372.82500000000005, 'PNL: ', -8.21), ('2020-07-31', 'BUYING CHANCE! for', 315.2, 0, 0), ('2020-09-16', 'BUYING CHANCE! for', 353.55, 0, 0), ('2020-09-29', 'BOUGHT for', 341.0, 341.0, 1), ('2020-11-03', 'BOUGHT for', 353.65, 347.325, 2), ('2020-12-21', 'SOLD for', 444.25, 347.325, 'PNL: ', 27.90613978262435), ('2021-02-02', 'BOUGHT for', 550.8, 550.8, 1), ('2021-02-02', 'BUYING CHANCE! for', 550.8, 550.8, 1), ('2021-03-15', 'SOLD for', 719.05, 550.8, 'PNL: ', 30.546477850399423), ('2021-03-23', 'BOUGHT for', 738.55, 738.55, 1), ('2021-05-03', 'BUYING CHANCE! for', 761.4, 738.55, 1), ('2021-06-11', 'SOLD for', 839.75, 738.55, 'PNL: ', 13.702525218333227), ('2021-07-05', 'BUYING CHANCE! for', 710.05, 0, 0), ('2021-08-03', 'BUYING CHANCE! for', 705.05, 0, 0), ('2021-08-25', 'BOUGHT for', 720.75, 720.75, 1), ('2021-10-28', 'SOLD for', 688.1, 720.75, 'PNL: ', -4.53), ('2021-11-10', 'BUYING CHANCE! for', 737.9, 0, 0), ('2021-12-03', 'BUYING CHANCE! for', 737.45, 0, 0), ('2021-12-31', 'BUYING CHANCE! for', 730.3, 0, 0)]",False
ASIANPAINT,0,0,"[('2019-01-30', 'BUYING CHANCE! for', 1390.4, 0, 0), ('2019-02-26', 'BUYING CHANCE! for', 1402.0, 0, 0), ('2019-04-22', 'BUYING CHANCE! for', 1443.35, 0, 0), ('2019-04-30', 'BUYING CHANCE! for', 1463.15, 0, 0), ('2019-05-22', 'BUYING CHANCE! for', 1368.45, 0, 0), ('2019-05-23', 'BUYING CHANCE! for', 1367.75, 0, 0), ('2019-07-12', 'BUYING CHANCE! for', 1361.95, 0, 0), ('2019-09-20', 'BUYING CHANCE! for', 1671.0, 0, 0), ('2019-12-03', 'BUYING CHANCE! for', 1736.45, 0, 0), ('2020-01-10', 'BUYING CHANCE! for', 1792.55, 0, 0), ('2020-02-03', 'BUYING CHANCE! for', 1867.65, 0, 0), ('2020-03-05', 'BOUGHT for', 1874.45, 1874.45, 1), ('2020-03-05', 'BUYING CHANCE! for', 1874.45, 1874.45, 1), ('2020-03-16', 'SOLD for', 1683.4, 1874.45, 'PNL: ', -10.19), ('2020-03-31', 'BOUGHT for', 1666.5, 1666.5, 1), ('2020-04-01', 'SOLD for', 1603.2, 1666.5, 'PNL: ', -3.8), ('2020-05-26', 'BOUGHT for', 1629.85, 1629.85, 1), ('2020-06-23', 'BUYING CHANCE! for', 1683.9, 1629.85, 1), ('2020-09-17', 'SOLD for', 2007.95, 1629.85, 'PNL: ', 23.19845384544591), ('2020-10-01', 'BUYING CHANCE! for', 2040.45, 0, 0), ('2020-11-24', 'BUYING CHANCE! for', 2207.9, 0, 0), ('2020-11-27', 'BUYING CHANCE! for', 2215.3, 0, 0), ('2021-01-21', 'BUYING CHANCE! for', 2716.35, 0, 0), ('2021-02-15', 'BUYING CHANCE! for', 2456.75, 0, 0), ('2021-03-03', 'BOUGHT for', 2402.1, 2402.1, 1), ('2021-03-03', 'BUYING CHANCE! for', 2402.1, 2402.1, 1), ('2021-04-28', 'BOUGHT for', 2614.55, 2508.325, 2), ('2021-04-28', 'BUYING CHANCE! for', 2614.55, 2508.325, 2), ('2021-05-11', 'BUYING CHANCE! for', 2556.25, 2508.325, 2), ('2021-06-23', 'SOLD for', 2987.35, 2508.325, 'PNL: ', 19.097405639221396), ('2021-07-08', 'BUYING CHANCE! for', 3028.3, 0, 0), ('2021-07-20', 'BUYING CHANCE! for', 3159.05, 0, 0), ('2021-07-22', 'BUYING CHANCE! for', 3106.75, 0, 0), ('2021-10-12', 'BUYING CHANCE! for', 3323.25, 0, 0), ('2021-10-28', 'BUYING CHANCE! for', 3116.3, 0, 0), ('2021-10-29', 'BUYING CHANCE! for', 3100.1, 0, 0), ('2021-12-10', 'BUYING CHANCE! for', 3283.15, 0, 0)]",False
AXISBANK,0,0,"[('2019-02-26', 'BUYING CHANCE! for', 710.15, 0, 0), ('2019-04-30', 'BUYING CHANCE! for', 766.85, 0, 0), ('2019-05-20', 'BUYING CHANCE! for', 782.4, 0, 0), ('2019-06-27', 'BUYING CHANCE! for', 800.45, 0, 0), ('2019-09-09', 'BUYING CHANCE! for', 671.55, 0, 0), ('2019-09-23', 'BUYING CHANCE! for', 725.5, 0, 0), ('2019-11-19', 'BUYING CHANCE! for', 747.8, 0, 0), ('2019-12-16', 'BOUGHT for', 747.25, 747.25, 1), ('2020-01-10', 'BUYING CHANCE! for', 740.05, 747.25, 1), ('2020-02-06', 'BUYING CHANCE! for', 736.95, 747.25, 1), ('2020-03-06', 'SOLD for', 657.65, 747.25, 'PNL: ', -11.99), ('2020-12-24', 'BOUGHT for', 610.2, 610.2, 1), ('2021-01-29', 'BOUGHT for', 662.9, 636.55, 2), ('2021-02-26', 'BOUGHT for', 724.8, 665.9666666666666, 3), ('2021-03-10', 'BUYING CHANCE! for', 760.75, 665.9666666666666, 3), ('2021-04-12', 'SOLD for', 635.6, 665.9666666666666, 'PNL: ', -4.56), ('2021-04-16', 'BOUGHT for', 669.2, 669.2, 1), ('2021-06-10', 'SOLD for', 744.25, 669.2, 'PNL: ', 11.214883442916909), ('2021-08-04', 'BUYING CHANCE! for', 753.8, 0, 0), ('2021-12-08', 'BUYING CHANCE! for', 697.1, 0, 0)]",False
BAJAJ-AUTO,0,0,"[('2019-01-14', 'BOUGHT for', 2699.15, 2699.15, 1), ('2019-01-14', 'BUYING CHANCE! for', 2699.15, 2699.15, 1), ('2019-01-30', 'SOLD for', 2499.7, 2699.15, 'PNL: ', -7.39), ('2019-02-04', 'BUYING CHANCE! for', 2642.5, 0, 0), ('2019-04-10', 'BUYING CHANCE! for', 2942.9, 0, 0), ('2019-05-21', 'BUYING CHANCE! for', 2979.3, 0, 0), ('2019-06-06', 'BUYING CHANCE! for', 2991.65, 0, 0), ('2019-07-02', 'BUYING CHANCE! for', 2883.55, 0, 0), ('2019-08-05', 'BUYING CHANCE! for', 2619.75, 0, 0), ('2019-09-23', 'BUYING CHANCE! for', 2995.15, 0, 0), ('2019-12-26', 'BUYING CHANCE! for', 3230.05, 0, 0), ('2020-01-15', 'BUYING CHANCE! for', 3123.55, 0, 0), ('2020-06-22', 'BUYING CHANCE! for', 2855.75, 0, 0), ('2020-08-12', 'BUYING CHANCE! for', 3023.0, 0, 0), ('2020-10-06', 'BUYING CHANCE! for', 2972.25, 0, 0), ('2020-11-06', 'BUYING CHANCE! for', 2977.4, 0, 0), ('2021-04-01', 'BUYING CHANCE! for', 3743.05, 0, 0), ('2021-06-22', 'BUYING CHANCE! for', 4221.6, 0, 0), ('2021-08-16', 'BUYING CHANCE! for', 3748.45, 0, 0), ('2021-09-01', 'BUYING CHANCE! for', 3758.3, 0, 0), ('2021-09-02', 'BUYING CHANCE! for', 3720.95, 0, 0), ('2021-09-15', 'BUYING CHANCE! for', 3779.1, 0, 0), ('2021-11-09', 'BUYING CHANCE! for', 3794.45, 0, 0), ('2021-11-10', 'BUYING CHANCE! for', 3771.7, 0, 0)]",False
BAJFINANCE,0,0,"[('2019-01-16', 'BUYING CHANCE! for', 2569.85, 0, 0), ('2019-02-21', 'BUYING CHANCE! for', 2654.7, 0, 0), ('2019-04-24', 'BUYING CHANCE! for', 3093.05, 0, 0), ('2019-05-16', 'BUYING CHANCE! for', 3110.05, 0, 0), ('2019-07-30', 'BUYING CHANCE! for', 3249.95, 0, 0), ('2019-12-12', 'BUYING CHANCE! for', 4057.15, 0, 0), ('2020-01-10', 'BUYING CHANCE! for', 4144.85, 0, 0), ('2020-09-29', 'BOUGHT for', 3294.75, 3294.75, 1), ('2020-10-23', 'BOUGHT for', 3316.9, 3305.825, 2), ('2020-10-23', 'BUYING CHANCE! for', 3316.9, 3305.825, 2), ('2020-12-10', 'SOLD for', 4794.8, 3305.825, 'PNL: ', 45.04095044353529), ('2021-01-21', 'BUYING CHANCE! for', 5118.3, 0, 0), ('2021-02-02', 'BUYING CHANCE! for', 5173.2, 0, 0), ('2021-03-04', 'BUYING CHANCE! for', 5485.9, 0, 0), ('2021-03-05', 'BUYING CHANCE! for', 5444.9, 0, 0), ('2021-03-10', 'BUYING CHANCE! for', 5545.05, 0, 0), ('2021-04-27', 'BUYING CHANCE! for', 4865.05, 0, 0), ('2021-07-06', 'BUYING CHANCE! for', 6202.4, 0, 0), ('2021-07-23', 'BUYING CHANCE! for', 6180.9, 0, 0), ('2021-08-16', 'BUYING CHANCE! for', 6377.15, 0, 0), ('2021-10-04', 'BUYING CHANCE! for', 7695.05, 0, 0), ('2021-11-08', 'BUYING CHANCE! for', 7673.65, 0, 0), ('2021-12-03', 'BUYING CHANCE! for', 7069.25, 0, 0), ('2021-12-08', 'BUYING CHANCE! for', 7361.5, 0, 0), ('2021-12-27', 'BUYING CHANCE! for', 6890.75, 0, 0)]",False
BAJAJFINSV,0,0,"[('2019-01-22', 'BUYING CHANCE! for', 6435.55, 0, 0), ('2019-01-31', 'BUYING CHANCE! for', 6091.9, 0, 0), ('2019-02-08', 'BUYING CHANCE! for', 6182.7, 0, 0), ('2019-02-21', 'BUYING CHANCE! for', 6169.1, 0, 0), ('2019-05-16', 'BUYING CHANCE! for', 7617.45, 0, 0), ('2019-08-08', 'BUYING CHANCE! for', 7290.45, 0, 0), ('2019-08-27', 'BUYING CHANCE! for', 7126.5, 0, 0), ('2019-10-31', 'BUYING CHANCE! for', 8134.35, 0, 0), ('2019-12-12', 'BUYING CHANCE! for', 9169.25, 0, 0), ('2020-01-09', 'BUYING CHANCE! for', 9395.25, 0, 0), ('2020-01-10', 'BUYING CHANCE! for', 9372.25, 0, 0), ('2020-02-05', 'BUYING CHANCE! for', 9591.4, 0, 0), ('2020-09-29', 'BUYING CHANCE! for', 5876.7, 0, 0), ('2021-01-20', 'BUYING CHANCE! for', 8938.25, 0, 0), ('2021-03-03', 'BUYING CHANCE! for', 10395.6, 0, 0), ('2021-03-04', 'BUYING CHANCE! for', 10129.95, 0, 0), ('2021-03-12', 'BUYING CHANCE! for', 9934.1, 0, 0), ('2021-03-31', 'BUYING CHANCE! for', 9668.6, 0, 0), ('2021-07-07', 'BUYING CHANCE! for', 12374.15, 0, 0), ('2021-11-09', 'BUYING CHANCE! for', 18172.5, 0, 0), ('2021-12-01', 'BUYING CHANCE! for', 17382.95, 0, 0), ('2021-12-02', 'BUYING CHANCE! for', 17758.15, 0, 0)]",False
BPCL,1,380.4,"[('2019-01-17', 'BOUGHT for', 355.2, 355.2, 1), ('2019-02-14', 'SOLD for', 315.65, 355.2, 'PNL: ', -11.13), ('2019-02-19', 'BOUGHT for', 335.25, 335.25, 1), ('2019-02-19', 'BUYING CHANCE! for', 335.25, 335.25, 1), ('2019-03-25', 'SOLD for', 383.7, 335.25, 'PNL: ', 14.451901565995524), ('2019-04-26', 'BUYING CHANCE! for', 371.05, 0, 0), ('2019-06-26', 'BUYING CHANCE! for', 391.4, 0, 0), ('2019-08-02', 'BOUGHT for', 342.45, 342.45, 1), ('2019-08-02', 'BUYING CHANCE! for', 342.45, 342.45, 1), ('2019-08-07', 'SOLD for', 331.1, 342.45, 'PNL: ', -3.31), ('2019-08-27', 'BUYING CHANCE! for', 342.3, 0, 0), ('2019-11-14', 'BUYING CHANCE! for', 514.65, 0, 0), ('2019-11-18', 'BUYING CHANCE! for', 521.75, 0, 0), ('2019-12-16', 'BOUGHT for', 492.0, 492.0, 1), ('2019-12-16', 'BUYING CHANCE! for', 492.0, 492.0, 1), ('2019-12-17', 'BUYING CHANCE! for', 496.05, 492.0, 1), ('2019-12-30', 'BUYING CHANCE! for', 493.05, 492.0, 1), ('2020-01-13', 'BUYING CHANCE! for', 470.75, 492.0, 1), ('2020-01-24', 'BUYING CHANCE! for', 466.1, 492.0, 1), ('2020-02-04', 'BUYING CHANCE! for', 478.5, 492.0, 1), ('2020-02-28', 'SOLD for', 426.35, 492.0, 'PNL: ', -13.34), ('2020-08-21', 'BOUGHT for', 410.1, 410.1, 1), ('2020-08-21', 'BUYING CHANCE! for', 410.1, 410.1, 1), ('2020-08-24', 'BUYING CHANCE! for', 409.75, 410.1, 1), ('2020-08-28', 'BUYING CHANCE! for', 415.05, 410.1, 1), ('2020-09-24', 'SOLD for', 377.25, 410.1, 'PNL: ', -8.01), ('2020-10-22', 'BOUGHT for', 349.35, 349.35, 1), ('2020-10-26', 'SOLD for', 346.1, 349.35, 'PNL: ', -0.93), ('2020-12-04', 'BOUGHT for', 392.3, 392.3, 1), ('2020-12-28', 'BOUGHT for', 382.75, 387.525, 2), ('2020-12-29', 'BOUGHT for', 381.5, 385.51666666666665, 3), ('2021-02-03', 'BUYING CHANCE! for', 414.9, 385.51666666666665, 3), ('2021-03-09', 'SOLD for', 445.9, 385.51666666666665, 'PNL: ', 15.662963123081576), ('2021-04-08', 'BUYING CHANCE! for', 430.55, 0, 0), ('2021-04-09', 'BUYING CHANCE! for', 425.6, 0, 0), ('2021-04-23', 'BUYING CHANCE! for', 423.05, 0, 0), ('2021-07-22', 'BUYING CHANCE! for', 460.9, 0, 0), ('2021-08-03', 'BUYING CHANCE! for', 463.4, 0, 0), ('2021-08-13', 'BOUGHT for', 454.9, 454.9, 1), ('2021-08-13', 'BUYING CHANCE! for', 454.9, 454.9, 1), ('2021-09-20', 'SOLD for', 420.4, 454.9, 'PNL: ', -7.58), ('2021-10-05', 'BOUGHT for', 443.85, 443.85, 1), ('2021-11-10', 'BUYING CHANCE! for', 431.25, 443.85, 1), ('2021-11-15', 'BUYING CHANCE! for', 426.35, 443.85, 1), ('2021-11-18', 'SOLD for', 405.3, 443.85, 'PNL: ', -8.69), ('2021-12-28', 'BOUGHT for', 380.4, 380.4, 1), ('2021-12-28', 'BUYING CHANCE! for', 380.4, 380.4, 1)]",False
BHARTIARTL,1,708.45,"[('2019-05-14', 'BOUGHT for', 336.6, 336.6, 1), ('2019-05-14', 'BUYING CHANCE! for', 336.6, 336.6, 1), ('2019-05-15', 'BUYING CHANCE! for', 331.25, 336.6, 1), ('2019-06-27', 'BUYING CHANCE! for', 348.65, 336.6, 1), ('2019-08-05', 'BOUGHT for', 357.7, 347.15, 2), ('2019-08-05', 'BUYING CHANCE! for', 357.7, 347.15, 2), ('2019-09-09', 'BUYING CHANCE! for', 356.45, 347.15, 2), ('2019-09-23', 'BUYING CHANCE! for', 348.0, 347.15, 2), ('2019-10-10', 'BOUGHT for', 377.25, 357.18333333333334, 3), ('2019-12-06', 'SOLD for', 444.85, 357.18333333333334, 'PNL: ', 24.543885026363682), ('2019-12-20', 'BUYING CHANCE! for', 453.8, 0, 0), ('2020-03-26', 'BOUGHT for', 470.7, 470.7, 1), ('2020-03-30', 'SOLD for', 431.05, 470.7, 'PNL: ', -8.42), ('2020-06-05', 'BOUGHT for', 584.35, 584.35, 1), ('2020-06-05', 'BUYING CHANCE! for', 584.35, 584.35, 1), ('2020-06-19', 'BUYING CHANCE! for', 572.5, 584.35, 1), ('2020-07-22', 'BUYING CHANCE! for', 569.15, 584.35, 1), ('2020-09-02', 'BOUGHT for', 550.55, 567.45, 2), ('2020-09-08', 'SOLD for', 498.1, 567.45, 'PNL: ', -12.22), ('2020-12-02', 'BOUGHT for', 484.9, 484.9, 1), ('2020-12-02', 'BUYING CHANCE! for', 484.9, 484.9, 1), ('2021-01-25', 'SOLD for', 580.75, 484.9, 'PNL: ', 19.766962260259852), ('2021-03-30', 'BUYING CHANCE! for', 521.5, 0, 0), ('2021-06-07', 'BOUGHT for', 536.45, 536.45, 1), ('2021-06-07', 'BUYING CHANCE! for', 536.45, 536.45, 1), ('2021-07-12', 'BUYING CHANCE! for', 529.65, 536.45, 1), ('2021-08-24', 'SOLD for', 620.1, 536.45, 'PNL: ', 15.59325193401062), ('2021-08-31', 'BUYING CHANCE! for', 664.05, 0, 0), ('2021-10-20', 'BOUGHT for', 708.45, 708.45, 1), ('2021-10-20', 'BUYING CHANCE! for', 708.45, 708.45, 1), ('2021-12-24', 'BUYING CHANCE! for', 677.05, 708.45, 1)]",False
BRITANNIA,0,0,"[('2019-11-15', 'BUYING CHANCE! for', 3195.55, 0, 0), ('2019-12-09', 'BUYING CHANCE! for', 3058.4, 0, 0), ('2019-12-10', 'BUYING CHANCE! for', 3059.35, 0, 0), ('2020-01-14', 'BUYING CHANCE! for', 3105.15, 0, 0), ('2020-03-05', 'BUYING CHANCE! for', 3127.15, 0, 0), ('2020-06-23', 'BUYING CHANCE! for', 3467.05, 0, 0), ('2020-08-07', 'BUYING CHANCE! for', 3934.8, 0, 0), ('2020-08-18', 'BUYING CHANCE! for', 3914.3, 0, 0), ('2020-09-29', 'BOUGHT for', 3736.85, 3736.85, 1), ('2020-09-29', 'BUYING CHANCE! for', 3736.85, 3736.85, 1), ('2020-10-21', 'SOLD for', 3397.25, 3736.85, 'PNL: ', -9.09), ('2020-11-09', 'BUYING CHANCE! for', 3548.3, 0, 0), ('2021-01-12', 'BUYING CHANCE! for', 3631.65, 0, 0), ('2021-03-02', 'BUYING CHANCE! for', 3447.95, 0, 0), ('2021-06-02', 'BUYING CHANCE! for', 3475.25, 0, 0), ('2021-11-10', 'BUYING CHANCE! for', 3698.5, 0, 0), ('2021-11-11', 'BUYING CHANCE! for', 3643.4, 0, 0), ('2021-12-09', 'BUYING CHANCE! for', 3623.9, 0, 0), ('2021-12-24', 'BUYING CHANCE! for', 3541.3, 0, 0)]",False
CIPLA,3,901.3166666666666,"[('2019-04-08', 'BUYING CHANCE! for', 525.4, 0, 0), ('2019-06-13', 'BOUGHT for', 564.6, 564.6, 1), ('2019-06-13', 'BUYING CHANCE! for', 564.6, 564.6, 1), ('2019-06-24', 'BUYING CHANCE! for', 549.9, 564.6, 1), ('2019-08-06', 'SOLD for', 500.15, 564.6, 'PNL: ', -11.42), ('2019-09-04', 'BUYING CHANCE! for', 471.4, 0, 0), ('2020-01-13', 'BUYING CHANCE! for', 477.65, 0, 0), ('2020-03-04', 'BOUGHT for', 447.65, 447.65, 1), ('2020-03-12', 'SOLD for', 394.75, 447.65, 'PNL: ', -11.82), ('2020-07-15', 'BUYING CHANCE! for', 638.2, 0, 0), ('2020-09-03', 'BOUGHT for', 738.6, 738.6, 1), ('2020-11-04', 'BOUGHT for', 781.15, 759.875, 2), ('2020-11-27', 'BUYING CHANCE! for', 745.6, 759.875, 2), ('2021-01-27', 'BOUGHT for', 842.5, 787.4166666666666, 3), ('2021-03-24', 'BOUGHT for', 792.95, 788.8, 4), ('2021-03-24', 'BUYING CHANCE! for', 792.95, 788.8, 4), ('2021-04-27', 'SOLD for', 912.4, 788.8, 'PNL: ', 15.669371196754566), ('2021-07-14', 'BUYING CHANCE! for', 977.15, 0, 0), ('2021-08-03', 'BUYING CHANCE! for', 928.15, 0, 0), ('2021-08-26', 'BUYING CHANCE! for', 911.3, 0, 0), ('2021-10-27', 'BOUGHT for', 922.5, 922.5, 1), ('2021-10-28', 'BOUGHT for', 891.75, 907.125, 2), ('2021-11-26', 'BUYING CHANCE! for', 966.7, 907.125, 2), ('2021-12-22', 'BOUGHT for', 889.7, 901.3166666666666, 3), ('2021-12-22', 'BUYING CHANCE! for', 889.7, 901.3166666666666, 3)]",False
COALINDIA,1,145.9,"[('2019-04-10', 'BUYING CHANCE! for', 240.05, 0, 0), ('2019-05-23', 'BUYING CHANCE! for', 244.15, 0, 0), ('2019-06-27', 'BUYING CHANCE! for', 259.4, 0, 0), ('2020-12-28', 'BOUGHT for', 137.65, 137.65, 1), ('2021-01-04', 'BOUGHT for', 137.25, 137.45, 2), ('2021-01-07', 'BUYING CHANCE! for', 136.5, 137.45, 2), ('2021-02-04', 'BUYING CHANCE! for', 143.6, 137.45, 2), ('2021-03-25', 'SOLD for', 128.1, 137.45, 'PNL: ', -6.8), ('2021-04-28', 'BOUGHT for', 128.5, 128.5, 1), ('2021-04-29', 'BOUGHT for', 128.05, 128.275, 2), ('2021-05-17', 'SOLD for', 148.15, 128.275, 'PNL: ', 15.494055739621905), ('2021-06-03', 'BOUGHT for', 149.05, 149.05, 1), ('2021-06-03', 'BUYING CHANCE! for', 149.05, 149.05, 1), ('2021-08-04', 'BUYING CHANCE! for', 144.7, 149.05, 1), ('2021-08-13', 'BOUGHT for', 143.75, 146.4, 2), ('2021-08-30', 'BOUGHT for', 143.6, 145.46666666666667, 3), ('2021-08-30', 'BUYING CHANCE! for', 143.6, 145.46666666666667, 3), ('2021-10-14', 'SOLD for', 183.8, 145.46666666666667, 'PNL: ', 26.351970669110916), ('2021-12-03', 'BUYING CHANCE! for', 159.75, 0, 0), ('2021-12-24', 'BOUGHT for', 145.9, 145.9, 1)]",False
DIVISLAB,0,0,"[('2019-01-08', 'BOUGHT for', 1458.85, 1458.85, 1), ('2019-02-27', 'BUYING CHANCE! for', 1638.45, 1458.85, 1), ('2019-03-11', 'SOLD for', 1690.65, 1458.85, 'PNL: ', 15.889227816430763), ('2019-04-01', 'BOUGHT for', 1723.3, 1723.3, 1), ('2019-04-01', 'BUYING CHANCE! for', 1723.3, 1723.3, 1), ('2019-04-02', 'BUYING CHANCE! for', 1699.05, 1723.3, 1), ('2019-06-20', 'BUYING CHANCE! for', 1603.0, 1723.3, 1), ('2019-08-23', 'BUYING CHANCE! for', 1571.6, 1723.3, 1), ('2020-02-05', 'SOLD for', 1962.65, 1723.3, 'PNL: ', 13.889050078338082), ('2020-03-04', 'BOUGHT for', 2174.8, 2174.8, 1), ('2020-03-18', 'SOLD for', 1805.25, 2174.8, 'PNL: ', -16.99), ('2020-03-20', 'BOUGHT for', 1994.9, 1994.9, 1), ('2020-03-23', 'SOLD for', 1851.75, 1994.9, 'PNL: ', -7.18), ('2020-05-12', 'BOUGHT for', 2363.55, 2363.55, 1), ('2020-05-13', 'BOUGHT for', 2339.5, 2351.525, 2), ('2020-05-29', 'BOUGHT for', 2390.1, 2364.383333333333, 3), ('2020-05-29', 'BUYING CHANCE! for', 2390.1, 2364.383333333333, 3), ('2020-07-14', 'BUYING CHANCE! for', 2218.15, 2364.383333333333, 3), ('2020-08-31', 'SOLD for', 3122.8, 2364.383333333333, 'PNL: ', 32.07672190775609), ('2020-09-16', 'BUYING CHANCE! for', 3244.35, 0, 0), ('2020-10-07', 'BUYING CHANCE! for', 3181.9, 0, 0), ('2020-10-29', 'BUYING CHANCE! for', 3107.6, 0, 0), ('2020-11-04', 'BUYING CHANCE! for', 3196.2, 0, 0), ('2021-02-03', 'BUYING CHANCE! for', 3680.25, 0, 0), ('2021-03-03', 'BUYING CHANCE! for', 3565.15, 0, 0), ('2021-06-28', 'BUYING CHANCE! for', 4314.4, 0, 0), ('2021-10-04', 'BUYING CHANCE! for', 5220.7, 0, 0), ('2021-10-28', 'BUYING CHANCE! for', 5121.15, 0, 0), ('2021-11-29', 'BUYING CHANCE! for', 4921.35, 0, 0), ('2021-12-28', 'BUYING CHANCE! for', 4525.35, 0, 0), ('2022-01-14', 'BUYING CHANCE! for', 4616.6, 0, 0)]",False
DRREDDY,1,4620.9,"[('2019-01-10', 'BOUGHT for', 2600.4, 2600.4, 1), ('2019-02-15', 'BUYING CHANCE! for', 2563.35, 2600.4, 1), ('2019-06-03', 'BUYING CHANCE! for', 2724.1, 2600.4, 1), ('2019-06-27', 'BUYING CHANCE! for', 2565.6, 2600.4, 1), ('2019-08-19', 'BUYING CHANCE! for', 2509.1, 2600.4, 1), ('2019-10-16', 'BUYING CHANCE! for', 2701.45, 2600.4, 1), ('2019-11-21', 'BUYING CHANCE! for', 2879.25, 2600.4, 1), ('2019-12-03', 'SOLD for', 2858.35, 2600.4, 'PNL: ', 9.91962774957698), ('2019-12-19', 'BUYING CHANCE! for', 2869.55, 0, 0), ('2020-03-05', 'BUYING CHANCE! for', 3184.45, 0, 0), ('2020-03-24', 'BOUGHT for', 2857.95, 2857.95, 1), ('2020-05-04', 'SOLD for', 3939.0, 2857.95, 'PNL: ', 37.826064136881335), ('2020-07-14', 'BUYING CHANCE! for', 3983.15, 0, 0), ('2020-09-03', 'BOUGHT for', 4433.15, 4433.15, 1), ('2020-09-03', 'BUYING CHANCE! for', 4433.15, 4433.15, 1), ('2020-09-04', 'BUYING CHANCE! for', 4322.5, 4433.15, 1), ('2020-09-23', 'SOLD for', 5107.75, 4433.15, 'PNL: ', 15.217170634875886), ('2020-10-27', 'BUYING CHANCE! for', 5099.4, 0, 0), ('2020-11-24', 'BUYING CHANCE! for', 4915.5, 0, 0), ('2021-02-08', 'BUYING CHANCE! for', 4859.8, 0, 0), ('2021-03-23', 'BUYING CHANCE! for', 4372.25, 0, 0), ('2021-06-23', 'BOUGHT for', 5299.35, 5299.35, 1), ('2021-06-23', 'BUYING CHANCE! for', 5299.35, 5299.35, 1), ('2021-07-27', 'SOLD for', 4843.35, 5299.35, 'PNL: ', -8.6), ('2021-08-31', 'BUYING CHANCE! for', 4704.05, 0, 0), ('2021-09-30', 'BUYING CHANCE! for', 4880.7, 0, 0), ('2021-11-02', 'BUYING CHANCE! for', 4746.1, 0, 0), ('2021-11-30', 'BUYING CHANCE! for', 4675.85, 0, 0), ('2021-12-21', 'BOUGHT for', 4620.9, 4620.9, 1), ('2021-12-21', 'BUYING CHANCE! for', 4620.9, 4620.9, 1)]",False
EICHERMOT,0,0,"[('2019-12-13', 'BUYING CHANCE! for', 22034.75, 0, 0), ('2019-12-16', 'BUYING CHANCE! for', 21651.0, 0, 0), ('2020-01-17', 'BUYING CHANCE! for', 21292.2, 0, 0), ('2020-07-20', 'BUYING CHANCE! for', 19187.65, 0, 0)]",False
GRASIM,0,0,"[('2019-05-21', 'BUYING CHANCE! for', 865.6, 0, 0), ('2019-06-14', 'BUYING CHANCE! for', 899.0, 0, 0), ('2020-01-03', 'BUYING CHANCE! for', 756.65, 0, 0), ('2020-01-10', 'BUYING CHANCE! for', 756.25, 0, 0), ('2020-12-28', 'BOUGHT for', 906.65, 906.65, 1), ('2021-01-22', 'SOLD for', 1004.0, 906.65, 'PNL: ', 10.737329730325927), ('2021-04-30', 'BUYING CHANCE! for', 1401.75, 0, 0), ('2021-05-27', 'BUYING CHANCE! for', 1417.15, 0, 0), ('2021-08-31', 'BUYING CHANCE! for', 1500.4, 0, 0), ('2021-12-10', 'BUYING CHANCE! for', 1749.2, 0, 0), ('2022-01-04', 'BUYING CHANCE! for', 1692.0, 0, 0)]",False
HCLTECH,0,0,"[('2019-01-15', 'BOUGHT for', 947.7, 947.7, 1), ('2019-03-22', 'BUYING CHANCE! for', 1024.85, 947.7, 1), ('2019-04-08', 'SOLD for', 1096.35, 947.7, 'PNL: ', 15.685343463121225), ('2019-05-30', 'BUYING CHANCE! for', 1078.2, 0, 0), ('2019-07-31', 'BUYING CHANCE! for', 1034.55, 0, 0), ('2019-09-30', 'BUYING CHANCE! for', 1080.6, 0, 0), ('2019-11-29', 'BUYING CHANCE! for', 1127.65, 0, 0), ('2020-09-04', 'BOUGHT for', 700.8, 700.8, 1), ('2020-10-05', 'SOLD for', 824.2, 700.8, 'PNL: ', 17.60844748858449), ('2020-11-09', 'BUYING CHANCE! for', 855.0, 0, 0), ('2020-11-24', 'BUYING CHANCE! for', 840.5, 0, 0), ('2021-02-05', 'BUYING CHANCE! for', 946.15, 0, 0), ('2021-03-03', 'BUYING CHANCE! for', 965.25, 0, 0), ('2021-03-30', 'BUYING CHANCE! for', 995.8, 0, 0), ('2021-07-15', 'BUYING CHANCE! for', 1039.75, 0, 0), ('2021-07-30', 'BOUGHT for', 1024.95, 1024.95, 1), ('2021-07-30', 'BUYING CHANCE! for', 1024.95, 1024.95, 1), ('2021-09-28', 'SOLD for', 1269.0, 1024.95, 'PNL: ', 23.81091760573686), ('2021-11-15', 'BUYING CHANCE! for', 1170.85, 0, 0)]",False
HDFCBANK,0,0,"[('2019-02-04', 'BUYING CHANCE! for', 2104.9, 0, 0), ('2019-02-26', 'BUYING CHANCE! for', 2110.65, 0, 0), ('2019-03-07', 'BUYING CHANCE! for', 2126.5, 0, 0), ('2019-04-16', 'BUYING CHANCE! for', 2305.05, 0, 0), ('2019-04-26', 'BUYING CHANCE! for', 2280.95, 0, 0), ('2019-06-26', 'BUYING CHANCE! for', 2467.9, 0, 0), ('2019-08-09', 'BUYING CHANCE! for', 2282.0, 0, 0), ('2019-08-13', 'BUYING CHANCE! for', 2220.35, 0, 0), ('2019-08-27', 'BUYING CHANCE! for', 2259.95, 0, 0), ('2020-12-17', 'BOUGHT for', 1441.8, 1441.8, 1), ('2020-12-28', 'BUYING CHANCE! for', 1412.85, 1441.8, 1), ('2021-02-01', 'BOUGHT for', 1476.75, 1459.275, 2), ('2021-02-01', 'BUYING CHANCE! for', 1476.75, 1459.275, 2), ('2021-02-25', 'BOUGHT for', 1606.4, 1508.3166666666668, 3), ('2021-03-03', 'BUYING CHANCE! for', 1586.85, 1508.3166666666668, 3), ('2021-03-04', 'BUYING CHANCE! for', 1552.05, 1508.3166666666668, 3), ('2021-03-31', 'BUYING CHANCE! for', 1493.65, 1508.3166666666668, 3), ('2021-04-01', 'BUYING CHANCE! for', 1486.75, 1508.3166666666668, 3), ('2021-04-12', 'SOLD for', 1367.05, 1508.3166666666668, 'PNL: ', -9.37), ('2021-05-18', 'BUYING CHANCE! for', 1476.7, 0, 0), ('2021-06-22', 'BOUGHT for', 1483.8, 1483.8, 1), ('2021-06-22', 'BUYING CHANCE! for', 1483.8, 1483.8, 1), ('2021-06-23', 'BUYING CHANCE! for', 1485.5, 1483.8, 1), ('2021-07-15', 'BUYING CHANCE! for', 1520.7, 1483.8, 1), ('2021-08-05', 'BUYING CHANCE! for', 1484.85, 1483.8, 1), ('2021-09-17', 'BUYING CHANCE! for', 1582.15, 1483.8, 1), ('2021-09-20', 'BOUGHT for', 1559.85, 1521.8249999999998, 2), ('2021-09-20', 'BUYING CHANCE! for', 1559.85, 1521.8249999999998, 2), ('2021-09-24', 'BOUGHT for', 1601.55, 1548.3999999999999, 3), ('2021-09-24', 'BUYING CHANCE! for', 1601.55, 1548.3999999999999, 3), ('2021-12-02', 'BUYING CHANCE! for', 1525.75, 1548.3999999999999, 3), ('2021-12-20', 'SOLD for', 1425.65, 1548.3999999999999, 'PNL: ', -7.93), ('2021-12-31', 'BUYING CHANCE! for', 1479.4, 0, 0)]",False
HDFCLIFE,0,0,"[('2019-05-21', 'BUYING CHANCE! for', 403.2, 0, 0), ('2019-06-27', 'BUYING CHANCE! for', 455.15, 0, 0), ('2019-08-07', 'BUYING CHANCE! for', 518.1, 0, 0), ('2019-09-12', 'BUYING CHANCE! for', 537.85, 0, 0), ('2019-09-20', 'BUYING CHANCE! for', 563.85, 0, 0), ('2019-11-25', 'BUYING CHANCE! for', 597.8, 0, 0), ('2019-12-16', 'BUYING CHANCE! for', 592.1, 0, 0), ('2020-02-05', 'BOUGHT for', 583.45, 583.45, 1), ('2020-02-28', 'SOLD for', 544.1, 583.45, 'PNL: ', -6.74), ('2020-03-04', 'BOUGHT for', 568.6, 568.6, 1), ('2020-03-09', 'SOLD for', 517.65, 568.6, 'PNL: ', -8.96), ('2020-05-26', 'BOUGHT for', 507.45, 507.45, 1), ('2020-06-18', 'BUYING CHANCE! for', 515.95, 507.45, 1), ('2020-08-03', 'SOLD for', 603.0, 507.45, 'PNL: ', 18.829441324268405), ('2020-08-25', 'BUYING CHANCE! for', 599.8, 0, 0), ('2020-10-07', 'BUYING CHANCE! for', 578.95, 0, 0), ('2020-10-27', 'BOUGHT for', 587.3, 587.3, 1), ('2020-11-27', 'SOLD for', 646.8, 587.3, 'PNL: ', 10.131108462455305), ('2020-12-09', 'BOUGHT for', 652.6, 652.6, 1), ('2021-02-03', 'BUYING CHANCE! for', 689.2, 652.6, 1), ('2021-04-23', 'BUYING CHANCE! for', 686.35, 652.6, 1), ('2021-07-16', 'BUYING CHANCE! for', 698.0, 652.6, 1), ('2021-09-07', 'SOLD for', 734.25, 652.6, 'PNL: ', 12.51149249157217), ('2021-11-03', 'BOUGHT for', 692.3, 692.3, 1), ('2021-12-01', 'BOUGHT for', 693.85, 693.075, 2), ('2021-12-20', 'SOLD for', 633.6, 693.075, 'PNL: ', -8.58), ('2022-01-04', 'BUYING CHANCE! for', 653.15, 0, 0)]",False
HEROMOTOCO,0,0,"[('2019-09-06', 'BUYING CHANCE! for', 2659.95, 0, 0), ('2019-09-23', 'BUYING CHANCE! for', 2820.35, 0, 0), ('2019-10-22', 'BUYING CHANCE! for', 2674.65, 0, 0), ('2019-12-20', 'BUYING CHANCE! for', 2393.2, 0, 0), ('2020-01-14', 'BUYING CHANCE! for', 2411.4, 0, 0), ('2020-08-12', 'BUYING CHANCE! for', 2774.0, 0, 0), ('2020-09-14', 'BUYING CHANCE! for', 3028.5, 0, 0), ('2020-11-11', 'BUYING CHANCE! for', 3060.15, 0, 0), ('2020-12-24', 'BOUGHT for', 3073.1, 3073.1, 1), ('2021-02-19', 'SOLD for', 3389.7, 3073.1, 'PNL: ', 10.302300608506068), ('2021-03-03', 'BUYING CHANCE! for', 3424.35, 0, 0), ('2021-04-26', 'BUYING CHANCE! for', 2864.55, 0, 0), ('2021-05-07', 'BUYING CHANCE! for', 2860.8, 0, 0), ('2021-05-19', 'BUYING CHANCE! for', 2915.0, 0, 0), ('2021-07-05', 'BUYING CHANCE! for', 2938.05, 0, 0), ('2021-08-05', 'BUYING CHANCE! for', 2818.8, 0, 0), ('2021-09-01', 'BUYING CHANCE! for', 2740.85, 0, 0), ('2021-10-11', 'BUYING CHANCE! for', 2857.8, 0, 0), ('2021-12-13', 'BUYING CHANCE! for', 2495.0, 0, 0), ('2021-12-15', 'BUYING CHANCE! for', 2507.15, 0, 0)]",False
HINDALCO,0,0,"[('2019-01-31', 'BOUGHT for', 208.5, 208.5, 1), ('2019-02-14', 'SOLD for', 191.75, 208.5, 'PNL: ', -8.03), ('2019-02-22', 'BUYING CHANCE! for', 196.45, 0, 0), ('2019-02-25', 'BUYING CHANCE! for', 196.5, 0, 0), ('2019-05-03', 'BUYING CHANCE! for', 205.1, 0, 0), ('2019-05-21', 'BUYING CHANCE! for', 196.0, 0, 0), ('2019-06-24', 'BUYING CHANCE! for', 198.2, 0, 0), ('2019-08-23', 'BOUGHT for', 180.25, 180.25, 1), ('2019-10-16', 'BOUGHT for', 187.95, 184.1, 2), ('2019-11-26', 'BUYING CHANCE! for', 198.7, 184.1, 2), ('2020-01-06', 'SOLD for', 209.3, 184.1, 'PNL: ', 13.688212927756664), ('2020-01-14', 'BUYING CHANCE! for', 211.95, 0, 0), ('2020-02-06', 'BOUGHT for', 194.0, 194.0, 1), ('2020-02-06', 'BUYING CHANCE! for', 194.0, 194.0, 1), ('2020-02-18', 'SOLD for', 184.35, 194.0, 'PNL: ', -4.97), ('2020-09-29', 'BUYING CHANCE! for', 176.4, 0, 0), ('2020-11-04', 'BOUGHT for', 176.5, 176.5, 1), ('2020-12-11', 'SOLD for', 243.65, 176.5, 'PNL: ', 38.04532577903683), ('2021-01-01', 'BOUGHT for', 238.35, 238.35, 1), ('2021-02-03', 'BUYING CHANCE! for', 257.25, 238.35, 1), ('2021-03-08', 'SOLD for', 336.6, 238.35, 'PNL: ', 41.22089364380115), ('2021-03-30', 'BUYING CHANCE! for', 326.3, 0, 0), ('2021-06-01', 'BOUGHT for', 394.7, 394.7, 1), ('2021-06-14', 'BOUGHT for', 394.8, 394.75, 2), ('2021-06-28', 'BUYING CHANCE! for', 382.3, 394.75, 2), ('2021-06-29', 'BUYING CHANCE! for', 374.25, 394.75, 2), ('2021-08-04', 'SOLD for', 442.7, 394.75, 'PNL: ', 12.146928435718808), ('2021-08-26', 'BOUGHT for', 424.1, 424.1, 1), ('2021-08-26', 'BUYING CHANCE! for', 424.1, 424.1, 1), ('2021-09-20', 'SOLD for', 444.4, 424.1, 'PNL: ', 4.78660693232727), ('2021-09-23', 'BOUGHT for', 483.25, 483.25, 1), ('2021-11-26', 'SOLD for', 417.0, 483.25, 'PNL: ', -13.71), ('2021-12-07', 'BUYING CHANCE! for', 442.5, 0, 0)]",False
HINDUNILVR,0,0,"[('2019-01-24', 'BUYING CHANCE! for', 1759.5, 0, 0), ('2019-02-01', 'BOUGHT for', 1799.3, 1799.3, 1), ('2019-02-01', 'BUYING CHANCE! for', 1799.3, 1799.3, 1), ('2019-03-13', 'BUYING CHANCE! for', 1747.6, 1799.3, 1), ('2019-03-14', 'BUYING CHANCE! for', 1737.3, 1799.3, 1), ('2019-04-10', 'BUYING CHANCE! for', 1694.15, 1799.3, 1), ('2019-05-17', 'BUYING CHANCE! for', 1736.8, 1799.3, 1), ('2019-07-04', 'BUYING CHANCE! for', 1793.6, 1799.3, 1), ('2019-07-25', 'BUYING CHANCE! for', 1736.65, 1799.3, 1), ('2019-09-20', 'BUYING CHANCE! for', 1969.75, 1799.3, 1), ('2019-10-01', 'SOLD for', 1990.3, 1799.3, 'PNL: ', 10.61523925971211), ('2019-11-28', 'BUYING CHANCE! for', 2087.15, 0, 0), ('2020-01-10', 'BUYING CHANCE! for', 1954.0, 0, 0), ('2020-03-24', 'BOUGHT for', 2027.85, 2027.85, 1), ('2020-05-05', 'SOLD for', 2041.5, 2027.85, 'PNL: ', 0.67), ('2020-08-19', 'BUYING CHANCE! for', 2193.6, 0, 0), ('2020-11-09', 'BUYING CHANCE! for', 2132.55, 0, 0), ('2020-11-10', 'BUYING CHANCE! for', 2136.6, 0, 0), ('2020-12-04', 'BUYING CHANCE! for', 2184.2, 0, 0), ('2021-01-22', 'BUYING CHANCE! for', 2409.35, 0, 0), ('2021-03-04', 'BUYING CHANCE! for', 2196.9, 0, 0), ('2021-04-28', 'BUYING CHANCE! for', 2406.55, 0, 0), ('2021-04-29', 'BUYING CHANCE! for', 2407.6, 0, 0), ('2021-06-03', 'BUYING CHANCE! for', 2363.25, 0, 0), ('2021-06-08', 'BUYING CHANCE! for', 2359.0, 0, 0), ('2021-08-11', 'BUYING CHANCE! for', 2390.45, 0, 0), ('2021-11-16', 'BUYING CHANCE! for', 2406.65, 0, 0), ('2021-12-02', 'BUYING CHANCE! for', 2383.3, 0, 0), ('2021-12-10', 'BUYING CHANCE! for', 2332.8, 0, 0), ('2021-12-23', 'BUYING CHANCE! for', 2300.65, 0, 0)]",True
HDFC,0,0,"[('2019-02-04', 'BUYING CHANCE! for', 1978.5, 0, 0), ('2019-03-06', 'BUYING CHANCE! for', 1885.2, 0, 0), ('2019-05-02', 'BUYING CHANCE! for', 2017.4, 0, 0), ('2019-05-17', 'BUYING CHANCE! for', 1993.65, 0, 0), ('2019-06-27', 'BUYING CHANCE! for', 2195.45, 0, 0), ('2019-08-07', 'BUYING CHANCE! for', 2175.2, 0, 0), ('2019-08-27', 'BUYING CHANCE! for', 2174.3, 0, 0), ('2019-09-12', 'BUYING CHANCE! for', 2082.75, 0, 0), ('2019-09-23', 'BUYING CHANCE! for', 2162.0, 0, 0), ('2020-02-05', 'BUYING CHANCE! for', 2391.65, 0, 0), ('2020-08-12', 'BUYING CHANCE! for', 1814.2, 0, 0), ('2020-08-18', 'BUYING CHANCE! for', 1820.7, 0, 0), ('2020-09-30', 'BUYING CHANCE! for', 1740.05, 0, 0), ('2020-11-03', 'BUYING CHANCE! for', 2130.95, 0, 0), ('2021-02-02', 'BUYING CHANCE! for', 2659.0, 0, 0), ('2021-03-30', 'BUYING CHANCE! for', 2605.65, 0, 0), ('2021-03-31', 'BUYING CHANCE! for', 2498.1, 0, 0), ('2021-04-09', 'BUYING CHANCE! for', 2513.9, 0, 0), ('2021-04-15', 'BOUGHT for', 2547.15, 2547.15, 1), ('2021-05-10', 'BUYING CHANCE! for', 2531.35, 2547.15, 1), ('2021-05-18', 'BUYING CHANCE! for', 2502.85, 2547.15, 1), ('2021-07-06', 'BUYING CHANCE! for', 2496.4, 2547.15, 1), ('2021-08-03', 'BUYING CHANCE! for', 2554.65, 2547.15, 1), ('2021-09-24', 'BUYING CHANCE! for', 2839.0, 2547.15, 1), ('2021-10-14', 'BUYING CHANCE! for', 2808.75, 2547.15, 1), ('2021-11-01', 'SOLD for', 2887.95, 2547.15, 'PNL: ', 13.379659619574808), ('2022-01-04', 'BUYING CHANCE! for', 2675.3, 0, 0)]",False
ICICIBANK,0,0,"[('2019-01-31', 'BOUGHT for', 364.45, 364.45, 1), ('2019-02-22', 'BUYING CHANCE! for', 352.05, 364.45, 1), ('2019-04-11', 'BUYING CHANCE! for', 390.05, 364.45, 1), ('2019-05-20', 'BUYING CHANCE! for', 407.7, 364.45, 1), ('2019-06-06', 'SOLD for', 411.55, 364.45, 'PNL: ', 12.923583481959122), ('2019-06-19', 'BOUGHT for', 419.8, 419.8, 1), ('2019-07-29', 'BOUGHT for', 429.35, 424.57500000000005, 2), ('2019-08-09', 'BUYING CHANCE! for', 420.15, 424.57500000000005, 2), ('2019-08-27', 'BUYING CHANCE! for', 418.6, 424.57500000000005, 2), ('2019-09-13', 'BUYING CHANCE! for', 413.4, 424.57500000000005, 2), ('2020-01-10', 'BUYING CHANCE! for', 540.25, 424.57500000000005, 2), ('2020-02-05', 'BOUGHT for', 539.1, 462.75, 3), ('2020-02-25', 'SOLD for', 530.95, 462.75, 'PNL: ', 14.737979470556466), ('2020-09-29', 'BUYING CHANCE! for', 357.05, 0, 0), ('2020-11-03', 'BOUGHT for', 443.85, 443.85, 1), ('2020-12-21', 'SOLD for', 494.5, 443.85, 'PNL: ', 11.41151289850174), ('2021-02-01', 'BUYING CHANCE! for', 603.8, 0, 0), ('2021-03-10', 'BUYING CHANCE! for', 625.6, 0, 0), ('2021-04-15', 'BOUGHT for', 575.2, 575.2, 1), ('2021-06-04', 'SOLD for', 642.7, 575.2, 'PNL: ', 11.735048678720444), ('2021-06-16', 'BOUGHT for', 640.1, 640.1, 1), ('2021-08-26', 'BUYING CHANCE! for', 698.8, 640.1, 1), ('2021-09-23', 'BOUGHT for', 717.0, 678.55, 2), ('2021-09-24', 'BUYING CHANCE! for', 722.95, 678.55, 2), ('2021-10-12', 'BUYING CHANCE! for', 708.6, 678.55, 2), ('2021-10-29', 'SOLD for', 802.05, 678.55, 'PNL: ', 18.200574754992264), ('2021-12-09', 'BUYING CHANCE! for', 755.0, 0, 0), ('2021-12-23', 'BUYING CHANCE! for', 731.3, 0, 0), ('2021-12-24', 'BUYING CHANCE! for', 727.1, 0, 0)]",False
ITC,1,241.3,"[('2019-02-13', 'BOUGHT for', 276.85, 276.85, 1), ('2019-02-13', 'BUYING CHANCE! for', 276.85, 276.85, 1), ('2019-02-14', 'BOUGHT for', 277.9, 277.375, 2), ('2019-02-14', 'BUYING CHANCE! for', 277.9, 277.375, 2), ('2019-05-17', 'BUYING CHANCE! for', 301.4, 277.375, 2), ('2019-06-26', 'BUYING CHANCE! for', 277.4, 277.375, 2), ('2019-07-04', 'BUYING CHANCE! for', 277.65, 277.375, 2), ('2019-08-07', 'SOLD for', 253.65, 277.375, 'PNL: ', -8.55), ('2019-09-06', 'BUYING CHANCE! for', 243.9, 0, 0), ('2019-12-18', 'BUYING CHANCE! for', 245.15, 0, 0), ('2020-01-13', 'BUYING CHANCE! for', 239.25, 0, 0), ('2020-08-10', 'BOUGHT for', 198.85, 198.85, 1), ('2020-09-21', 'SOLD for', 175.75, 198.85, 'PNL: ', -11.62), ('2021-01-13', 'BUYING CHANCE! for', 211.25, 0, 0), ('2021-02-02', 'BOUGHT for', 218.2, 218.2, 1), ('2021-03-16', 'BOUGHT for', 207.85, 213.02499999999998, 2), ('2021-05-07', 'BOUGHT for', 205.35, 210.46666666666667, 3), ('2021-06-09', 'BUYING CHANCE! for', 212.5, 210.46666666666667, 3), ('2021-07-15', 'BOUGHT for', 206.25, 209.4125, 4), ('2021-07-15', 'BUYING CHANCE! for', 206.25, 209.4125, 4), ('2021-08-03', 'BUYING CHANCE! for', 209.9, 209.4125, 4), ('2021-09-01', 'BUYING CHANCE! for', 209.5, 209.4125, 4), ('2021-10-04', 'SOLD for', 236.6, 209.4125, 'PNL: ', 12.982749358323883), ('2021-10-12', 'BOUGHT for', 241.3, 241.3, 1), ('2021-10-12', 'BUYING CHANCE! for', 241.3, 241.3, 1), ('2021-11-12', 'BUYING CHANCE! for', 232.9, 241.3, 1), ('2021-12-10', 'BUYING CHANCE! for', 236.1, 241.3, 1), ('2022-01-04', 'BUYING CHANCE! for', 220.25, 241.3, 1)]",False
IOC,0,0,"[('2019-04-26', 'BOUGHT for', 152.85, 152.85, 1), ('2019-04-26', 'BUYING CHANCE! for', 152.85, 152.85, 1), ('2019-07-08', 'SOLD for', 144.05, 152.85, 'PNL: ', -5.76), ('2019-10-30', 'BOUGHT for', 147.15, 147.15, 1), ('2019-12-06', 'SOLD for', 124.4, 147.15, 'PNL: ', -15.46), ('2019-12-13', 'BOUGHT for', 128.25, 128.25, 1), ('2019-12-19', 'BUYING CHANCE! for', 127.4, 128.25, 1), ('2020-01-13', 'BUYING CHANCE! for', 126.95, 128.25, 1), ('2020-01-20', 'SOLD for', 117.5, 128.25, 'PNL: ', -8.38), ('2020-12-28', 'BOUGHT for', 91.7, 91.7, 1), ('2021-02-02', 'BOUGHT for', 98.8, 95.25, 2), ('2021-02-25', 'BOUGHT for', 100.9, 97.13333333333333, 3), ('2021-04-12', 'SOLD for', 87.0, 97.13333333333333, 'PNL: ', -10.43), ('2021-04-30', 'BOUGHT for', 90.85, 90.85, 1), ('2021-04-30', 'BUYING CHANCE! for', 90.85, 90.85, 1), ('2021-06-18', 'SOLD for', 112.3, 90.85, 'PNL: ', 23.6103467253715), ('2021-08-04', 'BOUGHT for', 105.3, 105.3, 1), ('2021-08-13', 'BOUGHT for', 104.65, 104.975, 2), ('2021-08-13', 'BUYING CHANCE! for', 104.65, 104.975, 2), ('2021-10-20', 'SOLD for', 130.55, 104.975, 'PNL: ', 24.362943557990015), ('2021-11-04', 'BOUGHT for', 134.65, 134.65, 1), ('2021-12-17', 'SOLD for', 112.85, 134.65, 'PNL: ', -16.19), ('2022-01-04', 'BUYING CHANCE! for', 114.05, 0, 0)]",False
INDUSINDBK,0,0,"[('2019-05-22', 'BUYING CHANCE! for', 1518.9, 0, 0), ('2019-07-03', 'BUYING CHANCE! for', 1470.6, 0, 0), ('2019-12-17', 'BUYING CHANCE! for', 1492.75, 0, 0), ('2020-01-10', 'BUYING CHANCE! for', 1491.25, 0, 0), ('2020-12-29', 'BUYING CHANCE! for', 912.9, 0, 0), ('2021-02-01', 'BUYING CHANCE! for', 970.6, 0, 0), ('2021-04-28', 'BUYING CHANCE! for', 926.9, 0, 0), ('2021-08-04', 'BUYING CHANCE! for', 1020.55, 0, 0), ('2021-08-26', 'BUYING CHANCE! for', 1001.5, 0, 0), ('2021-09-01', 'BUYING CHANCE! for', 998.75, 0, 0), ('2021-11-01', 'BOUGHT for', 1229.1, 1229.1, 1), ('2021-11-10', 'SOLD for', 1032.2, 1229.1, 'PNL: ', -16.02)]",False
INFY,1,1702.25,"[('2019-08-08', 'BOUGHT for', 788.75, 788.75, 1), ('2019-08-08', 'BUYING CHANCE! for', 788.75, 788.75, 1), ('2019-09-26', 'BUYING CHANCE! for', 782.55, 788.75, 1), ('2019-10-22', 'SOLD for', 643.55, 788.75, 'PNL: ', -18.41), ('2019-11-04', 'BOUGHT for', 709.0, 709.0, 1), ('2019-11-04', 'BUYING CHANCE! for', 709.0, 709.0, 1), ('2019-12-04', 'BOUGHT for', 708.85, 708.925, 2), ('2020-01-10', 'BUYING CHANCE! for', 738.15, 708.925, 2), ('2020-02-12', 'BUYING CHANCE! for', 781.05, 708.925, 2), ('2020-03-09', 'SOLD for', 704.45, 708.925, 'PNL: ', -0.63), ('2020-03-27', 'BOUGHT for', 652.7, 652.7, 1), ('2020-03-30', 'SOLD for', 626.7, 652.7, 'PNL: ', -3.98), ('2020-05-22', 'BOUGHT for', 692.35, 692.35, 1), ('2020-06-17', 'BUYING CHANCE! for', 703.65, 692.35, 1), ('2020-08-05', 'SOLD for', 944.7, 692.35, 'PNL: ', 36.4483281577237), ('2020-09-10', 'BOUGHT for', 940.05, 940.05, 1), ('2020-10-19', 'SOLD for', 1125.9, 940.05, 'PNL: ', 19.770224988032567), ('2020-11-06', 'BUYING CHANCE! for', 1112.75, 0, 0), ('2021-02-08', 'BUYING CHANCE! for', 1303.55, 0, 0), ('2021-05-07', 'BUYING CHANCE! for', 1352.55, 0, 0), ('2021-05-20', 'BUYING CHANCE! for', 1339.3, 0, 0), ('2021-07-22', 'BUYING CHANCE! for', 1590.2, 0, 0), ('2021-09-06', 'BUYING CHANCE! for', 1730.4, 0, 0), ('2021-09-16', 'BOUGHT for', 1702.25, 1702.25, 1), ('2021-09-16', 'BUYING CHANCE! for', 1702.25, 1702.25, 1), ('2021-11-10', 'BUYING CHANCE! for', 1740.15, 1702.25, 1), ('2021-12-02', 'BUYING CHANCE! for', 1748.25, 1702.25, 1), ('2021-12-03', 'BUYING CHANCE! for', 1735.55, 1702.25, 1), ('2021-12-08', 'BUYING CHANCE! for', 1753.35, 1702.25, 1), ('2022-01-12', 'BUYING CHANCE! for', 1877.45, 1702.25, 1)]",False
JSWSTEEL,0,0,"[('2019-04-30', 'BUYING CHANCE! for', 308.35, 0, 0), ('2019-05-27', 'BUYING CHANCE! for', 287.75, 0, 0), ('2019-06-21', 'BUYING CHANCE! for', 267.15, 0, 0), ('2019-12-17', 'BOUGHT for', 258.95, 258.95, 1), ('2019-12-17', 'BUYING CHANCE! for', 258.95, 258.95, 1), ('2020-01-24', 'BUYING CHANCE! for', 271.9, 258.95, 1), ('2020-02-05', 'BOUGHT for', 269.25, 264.1, 2), ('2020-02-28', 'SOLD for', 235.7, 264.1, 'PNL: ', -10.75), ('2020-09-29', 'BUYING CHANCE! for', 284.1, 0, 0), ('2021-02-03', 'BUYING CHANCE! for', 392.9, 0, 0), ('2021-03-12', 'BUYING CHANCE! for', 418.75, 0, 0), ('2021-06-02', 'BUYING CHANCE! for', 706.05, 0, 0), ('2021-06-28', 'BUYING CHANCE! for', 695.35, 0, 0), ('2021-07-07', 'BUYING CHANCE! for', 690.4, 0, 0), ('2021-09-09', 'BOUGHT for', 688.95, 688.95, 1), ('2021-09-09', 'BUYING CHANCE! for', 688.95, 688.95, 1), ('2021-09-20', 'SOLD for', 633.2, 688.95, 'PNL: ', -8.09), ('2021-09-22', 'BOUGHT for', 678.55, 678.55, 1), ('2021-10-27', 'BOUGHT for', 684.9, 681.7249999999999, 2), ('2021-11-09', 'BOUGHT for', 676.65, 680.0333333333333, 3), ('2021-11-09', 'BUYING CHANCE! for', 676.65, 680.0333333333333, 3), ('2021-11-23', 'BOUGHT for', 683.3, 680.8499999999999, 4), ('2021-11-23', 'BUYING CHANCE! for', 683.3, 680.8499999999999, 4), ('2021-11-29', 'SOLD for', 625.6, 680.8499999999999, 'PNL: ', -8.11), ('2021-12-03', 'BUYING CHANCE! for', 644.55, 0, 0), ('2021-12-06', 'BUYING CHANCE! for', 642.85, 0, 0), ('2022-01-13', 'BUYING CHANCE! for', 687.85, 0, 0)]",False
KOTAKBANK,0,0,"[('2019-03-12', 'BOUGHT for', 1263.35, 1263.35, 1), ('2019-03-12', 'BUYING CHANCE! for', 1263.35, 1263.35, 1), ('2019-06-20', 'BUYING CHANCE! for', 1518.35, 1263.35, 1), ('2019-06-27', 'BUYING CHANCE! for', 1481.6, 1263.35, 1), ('2019-07-04', 'BUYING CHANCE! for', 1497.8, 1263.35, 1), ('2019-07-22', 'SOLD for', 1454.3, 1263.35, 'PNL: ', 15.1145763248506), ('2019-08-08', 'BUYING CHANCE! for', 1502.75, 0, 0), ('2019-09-11', 'BUYING CHANCE! for', 1475.2, 0, 0), ('2019-11-08', 'BOUGHT for', 1600.25, 1600.25, 1), ('2019-11-08', 'BUYING CHANCE! for', 1600.25, 1600.25, 1), ('2020-01-13', 'BUYING CHANCE! for', 1691.1, 1600.25, 1), ('2020-03-12', 'SOLD for', 1465.05, 1600.25, 'PNL: ', -8.45), ('2020-07-20', 'BUYING CHANCE! for', 1319.05, 0, 0), ('2020-08-11', 'BOUGHT for', 1364.6, 1364.6, 1), ('2020-08-11', 'BUYING CHANCE! for', 1364.6, 1364.6, 1), ('2020-08-19', 'BUYING CHANCE! for', 1355.6, 1364.6, 1), ('2020-10-01', 'BUYING CHANCE! for', 1305.05, 1364.6, 1), ('2020-12-02', 'SOLD for', 1814.2, 1364.6, 'PNL: ', 32.947383848746895), ('2021-02-02', 'BUYING CHANCE! for', 1861.3, 0, 0), ('2021-04-16', 'BOUGHT for', 1764.1, 1764.1, 1), ('2021-04-16', 'BUYING CHANCE! for', 1764.1, 1764.1, 1), ('2021-04-26', 'BUYING CHANCE! for', 1759.65, 1764.1, 1), ('2021-05-24', 'BUYING CHANCE! for', 1757.0, 1764.1, 1), ('2021-07-06', 'BUYING CHANCE! for', 1755.35, 1764.1, 1), ('2021-07-26', 'BUYING CHANCE! for', 1740.6, 1764.1, 1), ('2021-07-27', 'BOUGHT for', 1697.95, 1731.025, 2), ('2021-08-04', 'BUYING CHANCE! for', 1749.95, 1731.025, 2), ('2021-09-01', 'BUYING CHANCE! for', 1746.65, 1731.025, 2), ('2021-10-04', 'SOLD for', 1990.95, 1731.025, 'PNL: ', 15.01566990655825), ('2021-10-13', 'BUYING CHANCE! for', 2009.35, 0, 0), ('2022-01-03', 'BUYING CHANCE! for', 1824.45, 0, 0)]",False
LT,0,0,"[('2019-02-01', 'BUYING CHANCE! for', 1324.6, 0, 0), ('2019-02-04', 'BUYING CHANCE! for', 1307.4, 0, 0), ('2019-02-20', 'BUYING CHANCE! for', 1276.55, 0, 0), ('2019-05-06', 'BUYING CHANCE! for', 1352.7, 0, 0), ('2019-06-21', 'BUYING CHANCE! for', 1539.75, 0, 0), ('2019-08-27', 'BUYING CHANCE! for', 1356.95, 0, 0), ('2019-09-06', 'BUYING CHANCE! for', 1328.65, 0, 0), ('2019-09-20', 'BUYING CHANCE! for', 1411.5, 0, 0), ('2019-10-18', 'BUYING CHANCE! for', 1447.8, 0, 0), ('2019-12-17', 'BUYING CHANCE! for', 1317.95, 0, 0), ('2020-01-23', 'BUYING CHANCE! for', 1332.3, 0, 0), ('2021-02-25', 'BOUGHT for', 1506.45, 1506.45, 1), ('2021-03-09', 'BOUGHT for', 1508.3, 1507.375, 2), ('2021-03-09', 'BUYING CHANCE! for', 1508.3, 1507.375, 2), ('2021-04-09', 'BUYING CHANCE! for', 1404.1, 1507.375, 2), ('2021-04-28', 'BUYING CHANCE! for', 1375.9, 1507.375, 2), ('2021-06-25', 'BUYING CHANCE! for', 1523.85, 1507.375, 2), ('2021-08-27', 'BUYING CHANCE! for', 1638.1, 1507.375, 2), ('2021-09-22', 'SOLD for', 1710.9, 1507.375, 'PNL: ', 13.501948751969488), ('2021-10-14', 'BUYING CHANCE! for', 1789.3, 0, 0), ('2021-12-09', 'BUYING CHANCE! for', 1879.8, 0, 0)]",False
M&M,1,919.65,"[('2020-08-27', 'BUYING CHANCE! for', 636.75, 0, 0), ('2020-08-28', 'BUYING CHANCE! for', 631.4, 0, 0), ('2020-09-16', 'BUYING CHANCE! for', 639.45, 0, 0), ('2020-09-30', 'BUYING CHANCE! for', 607.9, 0, 0), ('2020-11-06', 'BUYING CHANCE! for', 613.6, 0, 0), ('2020-12-17', 'BOUGHT for', 730.65, 730.65, 1), ('2020-12-18', 'BOUGHT for', 733.6, 732.125, 2), ('2020-12-24', 'BOUGHT for', 710.9, 725.0500000000001, 3), ('2021-02-02', 'BUYING CHANCE! for', 816.85, 725.0500000000001, 3), ('2021-02-19', 'SOLD for', 879.25, 725.0500000000001, 'PNL: ', 21.267498793186665), ('2021-03-04', 'BUYING CHANCE! for', 845.25, 0, 0), ('2021-03-09', 'BUYING CHANCE! for', 852.0, 0, 0), ('2021-04-15', 'BOUGHT for', 805.1, 805.1, 1), ('2021-05-04', 'SOLD for', 741.15, 805.1, 'PNL: ', -7.94), ('2021-05-11', 'BUYING CHANCE! for', 776.0, 0, 0), ('2021-05-18', 'BUYING CHANCE! for', 797.7, 0, 0), ('2021-06-25', 'BUYING CHANCE! for', 794.25, 0, 0), ('2021-07-06', 'BUYING CHANCE! for', 781.9, 0, 0), ('2021-07-15', 'BUYING CHANCE! for', 779.9, 0, 0), ('2021-08-03', 'BUYING CHANCE! for', 770.85, 0, 0), ('2021-09-23', 'BOUGHT for', 758.45, 758.45, 1), ('2021-10-20', 'SOLD for', 899.35, 758.45, 'PNL: ', 18.577361724569844), ('2021-11-10', 'BOUGHT for', 919.65, 919.65, 1), ('2021-11-10', 'BUYING CHANCE! for', 919.65, 919.65, 1), ('2021-12-16', 'BUYING CHANCE! for', 853.3, 919.65, 1), ('2021-12-17', 'BUYING CHANCE! for', 834.6, 919.65, 1), ('2021-12-29', 'BUYING CHANCE! for', 832.7, 919.65, 1)]",False
MARUTI,0,0,"[('2019-11-27', 'BUYING CHANCE! for', 7294.4, 0, 0), ('2019-12-13', 'BUYING CHANCE! for', 7214.95, 0, 0), ('2020-01-10', 'BUYING CHANCE! for', 7330.5, 0, 0), ('2020-02-05', 'BUYING CHANCE! for', 7040.9, 0, 0), ('2020-02-06', 'BUYING CHANCE! for', 7021.6, 0, 0), ('2020-02-11', 'BUYING CHANCE! for', 7033.75, 0, 0), ('2020-07-21', 'BUYING CHANCE! for', 6130.85, 0, 0), ('2020-09-30', 'BUYING CHANCE! for', 6743.45, 0, 0), ('2020-10-23', 'BUYING CHANCE! for', 7103.25, 0, 0), ('2020-11-18', 'BUYING CHANCE! for', 7054.3, 0, 0), ('2020-12-30', 'BUYING CHANCE! for', 7612.9, 0, 0), ('2021-02-04', 'BUYING CHANCE! for', 7640.0, 0, 0), ('2021-02-11', 'BUYING CHANCE! for', 7667.35, 0, 0), ('2021-03-08', 'BUYING CHANCE! for', 7259.5, 0, 0), ('2021-04-23', 'BUYING CHANCE! for', 6676.1, 0, 0), ('2021-04-26', 'BUYING CHANCE! for', 6638.9, 0, 0), ('2021-05-06', 'BUYING CHANCE! for', 6666.65, 0, 0), ('2021-06-22', 'BUYING CHANCE! for', 7265.4, 0, 0), ('2021-09-01', 'BUYING CHANCE! for', 6784.9, 0, 0), ('2021-09-24', 'BUYING CHANCE! for', 6952.25, 0, 0), ('2021-11-01', 'BUYING CHANCE! for', 7615.55, 0, 0), ('2021-12-13', 'BUYING CHANCE! for', 7516.4, 0, 0)]",False
NTPC,7,121.93571428571428,"[('2019-04-09', 'BOUGHT for', 135.9, 135.9, 1), ('2019-05-10', 'SOLD for', 127.0, 135.9, 'PNL: ', -6.55), ('2020-02-07', 'BOUGHT for', 115.6, 115.6, 1), ('2020-02-07', 'BUYING CHANCE! for', 115.6, 115.6, 1), ('2020-03-02', 'SOLD for', 103.9, 115.6, 'PNL: ', -10.12), ('2021-01-11', 'BUYING CHANCE! for', 99.0, 0, 0), ('2021-02-04', 'BUYING CHANCE! for', 99.05, 0, 0), ('2021-03-31', 'BOUGHT for', 106.55, 106.55, 1), ('2021-04-27', 'BOUGHT for', 102.05, 104.3, 2), ('2021-06-03', 'BOUGHT for', 111.8, 106.8, 3), ('2021-06-03', 'BUYING CHANCE! for', 111.8, 106.8, 3), ('2021-08-12', 'BOUGHT for', 119.15, 109.88749999999999, 4), ('2021-09-01', 'BUYING CHANCE! for', 115.4, 109.88749999999999, 4), ('2021-11-08', 'BOUGHT for', 140.3, 115.96999999999998, 5), ('2021-11-09', 'BOUGHT for', 138.5, 119.72499999999998, 6), ('2021-11-25', 'BOUGHT for', 135.2, 121.93571428571428, 7), ('2021-12-29', 'BUYING CHANCE! for', 123.15, 121.93571428571428, 7)]",True
NESTLEIND,0,0,"[('2019-01-09', 'BUYING CHANCE! for', 11252.25, 0, 0), ('2019-03-13', 'BUYING CHANCE! for', 10723.3, 0, 0), ('2019-05-20', 'BUYING CHANCE! for', 10768.15, 0, 0), ('2019-07-26', 'BUYING CHANCE! for', 11623.25, 0, 0), ('2019-11-26', 'BUYING CHANCE! for', 14524.4, 0, 0), ('2019-12-20', 'BUYING CHANCE! for', 14858.25, 0, 0), ('2020-03-04', 'BUYING CHANCE! for', 16541.5, 0, 0), ('2020-03-26', 'BUYING CHANCE! for', 14919.65, 0, 0), ('2020-05-29', 'BUYING CHANCE! for', 17540.8, 0, 0), ('2020-06-25', 'BUYING CHANCE! for', 16787.0, 0, 0), ('2020-09-03', 'BUYING CHANCE! for', 16393.75, 0, 0), ('2020-09-29', 'BUYING CHANCE! for', 15620.85, 0, 0), ('2020-10-20', 'BUYING CHANCE! for', 16252.55, 0, 0), ('2021-03-05', 'BUYING CHANCE! for', 16782.9, 0, 0), ('2021-05-10', 'BUYING CHANCE! for', 16787.3, 0, 0), ('2021-07-08', 'BUYING CHANCE! for', 17618.9, 0, 0), ('2021-10-18', 'BUYING CHANCE! for', 19438.45, 0, 0), ('2021-11-12', 'BUYING CHANCE! for', 19142.45, 0, 0), ('2021-12-22', 'BUYING CHANCE! for', 19190.6, 0, 0)]",False
ONGC,0,0,"[('2019-06-13', 'BOUGHT for', 168.95, 168.95, 1), ('2019-06-13', 'BUYING CHANCE! for', 168.95, 168.95, 1), ('2019-06-20', 'BOUGHT for', 172.0, 170.475, 2), ('2019-07-08', 'SOLD for', 152.4, 170.475, 'PNL: ', -10.6), ('2021-01-04', 'BOUGHT for', 96.95, 96.95, 1), ('2021-01-05', 'BOUGHT for', 94.95, 95.95, 2), ('2021-01-05', 'BUYING CHANCE! for', 94.95, 95.95, 2), ('2021-02-05', 'BUYING CHANCE! for', 97.65, 95.95, 2), ('2021-02-22', 'SOLD for', 106.3, 95.95, 'PNL: ', 10.786868160500255), ('2021-06-02', 'BOUGHT for', 117.75, 117.75, 1), ('2021-08-02', 'BOUGHT for', 117.1, 117.425, 2), ('2021-08-25', 'BOUGHT for', 115.65, 116.83333333333333, 3), ('2021-10-14', 'SOLD for', 159.05, 116.83333333333333, 'PNL: ', 36.134094151212565), ('2021-11-09', 'BOUGHT for', 156.65, 156.65, 1), ('2021-11-09', 'BUYING CHANCE! for', 156.65, 156.65, 1), ('2021-11-25', 'BOUGHT for', 155.1, 155.875, 2), ('2021-11-26', 'BOUGHT for', 147.1, 152.95000000000002, 3), ('2021-12-09', 'BUYING CHANCE! for', 147.35, 152.95000000000002, 3), ('2021-12-20', 'SOLD for', 134.0, 152.95000000000002, 'PNL: ', -12.39), ('2021-12-30', 'BUYING CHANCE! for', 140.5, 0, 0)]",False
POWERGRID,0,0,"[('2019-02-19', 'BOUGHT for', 179.45, 179.45, 1), ('2019-02-19', 'BUYING CHANCE! for', 179.45, 179.45, 1), ('2019-02-20', 'BUYING CHANCE! for', 181.8, 179.45, 1), ('2019-05-21', 'BUYING CHANCE! for', 183.95, 179.45, 1), ('2019-07-08', 'SOLD for', 201.25, 179.45, 'PNL: ', 12.148230704931741), ('2019-08-16', 'BOUGHT for', 211.15, 211.15, 1), ('2019-08-27', 'BOUGHT for', 206.55, 208.85000000000002, 2), ('2019-08-27', 'BUYING CHANCE! for', 206.55, 208.85000000000002, 2), ('2019-09-09', 'BUYING CHANCE! for', 202.9, 208.85000000000002, 2), ('2019-09-26', 'BUYING CHANCE! for', 199.25, 208.85000000000002, 2), ('2019-11-20', 'BOUGHT for', 196.1, 204.60000000000002, 3), ('2019-11-20', 'BUYING CHANCE! for', 196.1, 204.60000000000002, 3), ('2019-12-17', 'BUYING CHANCE! for', 188.05, 204.60000000000002, 3), ('2020-02-06', 'BUYING CHANCE! for', 192.9, 204.60000000000002, 3), ('2020-03-03', 'BOUGHT for', 191.7, 201.375, 4), ('2020-03-12', 'SOLD for', 166.1, 201.375, 'PNL: ', -17.52), ('2020-07-22', 'BOUGHT for', 179.65, 179.65, 1), ('2020-07-22', 'BUYING CHANCE! for', 179.65, 179.65, 1), ('2020-09-24', 'SOLD for', 159.35, 179.65, 'PNL: ', -11.3), ('2020-10-21', 'BOUGHT for', 163.75, 163.75, 1), ('2020-12-09', 'SOLD for', 192.7, 163.75, 'PNL: ', 17.679389312977094), ('2020-12-24', 'BOUGHT for', 190.0, 190.0, 1), ('2021-02-03', 'BOUGHT for', 206.5, 198.25, 2), ('2021-02-03', 'BUYING CHANCE! for', 206.5, 198.25, 2), ('2021-02-24', 'SOLD for', 222.75, 198.25, 'PNL: ', 12.35813366960908), ('2021-03-16', 'BOUGHT for', 224.45, 224.45, 1), ('2021-04-16', 'BUYING CHANCE! for', 209.85, 224.45, 1), ('2021-04-26', 'BUYING CHANCE! for', 215.8, 224.45, 1), ('2021-06-07', 'BUYING CHANCE! for', 236.25, 224.45, 1), ('2021-06-08', 'BUYING CHANCE! for', 234.05, 224.45, 1), ('2021-07-19', 'BUYING CHANCE! for', 233.15, 224.45, 1), ('2021-07-29', 'SOLD for', 167.4, 224.45, 'PNL: ', -25.42), ('2021-11-16', 'BUYING CHANCE! for', 187.6, 0, 0), ('2022-01-14', 'BUYING CHANCE! for', 207.75, 0, 0)]",False
RELIANCE,1,2441.5,"[('2019-03-06', 'BUYING CHANCE! for', 1264.8, 0, 0), ('2019-04-18', 'BUYING CHANCE! for', 1385.95, 0, 0), ('2019-04-22', 'BUYING CHANCE! for', 1345.35, 0, 0), ('2019-05-21', 'BUYING CHANCE! for', 1339.8, 0, 0), ('2019-07-04', 'BUYING CHANCE! for', 1284.0, 0, 0), ('2019-07-10', 'BUYING CHANCE! for', 1278.85, 0, 0), ('2019-08-13', 'BUYING CHANCE! for', 1274.75, 0, 0), ('2019-09-23', 'BUYING CHANCE! for', 1239.2, 0, 0), ('2020-01-13', 'BUYING CHANCE! for', 1543.7, 0, 0), ('2020-02-07', 'BUYING CHANCE! for', 1433.65, 0, 0), ('2020-06-01', 'BUYING CHANCE! for', 1520.35, 0, 0), ('2020-08-27', 'BUYING CHANCE! for', 2110.6, 0, 0), ('2020-10-09', 'BUYING CHANCE! for', 2233.45, 0, 0), ('2020-11-09', 'BUYING CHANCE! for', 2050.7, 0, 0), ('2020-12-08', 'BUYING CHANCE! for', 1993.75, 0, 0), ('2021-01-14', 'BUYING CHANCE! for', 1960.6, 0, 0), ('2021-02-10', 'BUYING CHANCE! for', 1974.3, 0, 0), ('2021-04-28', 'BUYING CHANCE! for', 1997.3, 0, 0), ('2021-05-18', 'BUYING CHANCE! for', 1987.95, 0, 0), ('2021-05-19', 'BOUGHT for', 1997.05, 1997.05, 1), ('2021-05-19', 'BUYING CHANCE! for', 1997.05, 1997.05, 1), ('2021-07-20', 'BUYING CHANCE! for', 2093.8, 1997.05, 1), ('2021-08-03', 'BUYING CHANCE! for', 2087.75, 1997.05, 1), ('2021-09-15', 'SOLD for', 2378.3, 1997.05, 'PNL: ', 19.090658721614393), ('2021-11-12', 'BUYING CHANCE! for', 2593.1, 0, 0), ('2021-11-29', 'BOUGHT for', 2441.5, 2441.5, 1), ('2021-11-29', 'BUYING CHANCE! for', 2441.5, 2441.5, 1), ('2021-12-23', 'BUYING CHANCE! for', 2365.25, 2441.5, 1)]",False
SBILIFE,5,1182.22,"[('2019-04-03', 'BUYING CHANCE! for', 601.95, 0, 0), ('2019-04-04', 'BUYING CHANCE! for', 594.7, 0, 0), ('2019-05-16', 'BUYING CHANCE! for', 630.95, 0, 0), ('2019-07-23', 'BOUGHT for', 775.95, 775.95, 1), ('2019-11-07', 'SOLD for', 986.45, 775.95, 'PNL: ', 27.128036600296408), ('2020-01-07', 'BUYING CHANCE! for', 984.9, 0, 0), ('2020-02-07', 'BUYING CHANCE! for', 947.3, 0, 0), ('2020-02-19', 'BUYING CHANCE! for', 938.2, 0, 0), ('2020-06-18', 'BUYING CHANCE! for', 771.6, 0, 0), ('2020-08-21', 'BUYING CHANCE! for', 861.25, 0, 0), ('2020-08-24', 'BUYING CHANCE! for', 860.85, 0, 0), ('2020-09-11', 'BOUGHT for', 864.4, 864.4, 1), ('2020-10-05', 'BOUGHT for', 824.95, 844.675, 2), ('2020-10-05', 'BUYING CHANCE! for', 824.95, 844.675, 2), ('2020-10-16', 'BUYING CHANCE! for', 799.55, 844.675, 2), ('2020-11-04', 'BUYING CHANCE! for', 791.0, 844.675, 2), ('2020-12-17', 'BOUGHT for', 856.35, 848.5666666666666, 3), ('2020-12-23', 'BOUGHT for', 854.95, 850.1624999999999, 4), ('2021-02-09', 'BUYING CHANCE! for', 888.7, 850.1624999999999, 4), ('2021-02-18', 'BUYING CHANCE! for', 893.5, 850.1624999999999, 4), ('2021-03-12', 'SOLD for', 914.2, 850.1624999999999, 'PNL: ', 7.532383514916283), ('2021-04-07', 'BUYING CHANCE! for', 918.5, 0, 0), ('2021-06-03', 'BUYING CHANCE! for', 986.85, 0, 0), ('2021-09-23', 'BOUGHT for', 1218.3, 1218.3, 1), ('2021-10-28', 'BOUGHT for', 1167.1, 1192.6999999999998, 2), ('2021-10-28', 'BUYING CHANCE! for', 1167.1, 1192.6999999999998, 2), ('2021-11-03', 'BOUGHT for', 1178.8, 1188.0666666666666, 3), ('2021-11-18', 'BOUGHT for', 1182.05, 1186.5625, 4), ('2021-12-01', 'BOUGHT for', 1164.85, 1182.22, 5), ('2021-12-01', 'BUYING CHANCE! for', 1164.85, 1182.22, 5), ('2021-12-27', 'BUYING CHANCE! for', 1161.95, 1182.22, 5)]",False
SHREECEM,0,0,"[('2019-01-24', 'BUYING CHANCE! for', 16170.55, 0, 0), ('2019-02-01', 'BUYING CHANCE! for', 15782.0, 0, 0), ('2019-02-21', 'BUYING CHANCE! for', 16104.65, 0, 0), ('2019-05-17', 'BUYING CHANCE! for', 19480.55, 0, 0), ('2019-06-21', 'BUYING CHANCE! for', 21154.4, 0, 0), ('2019-07-26', 'BUYING CHANCE! for', 21431.3, 0, 0), ('2019-09-12', 'BUYING CHANCE! for', 18582.05, 0, 0), ('2019-10-22', 'BUYING CHANCE! for', 19515.6, 0, 0), ('2019-11-20', 'BUYING CHANCE! for', 20289.95, 0, 0), ('2019-12-20', 'BUYING CHANCE! for', 20553.3, 0, 0), ('2020-02-04', 'BUYING CHANCE! for', 24485.4, 0, 0), ('2020-05-12', 'BUYING CHANCE! for', 19127.2, 0, 0), ('2020-05-21', 'BUYING CHANCE! for', 19251.15, 0, 0), ('2020-07-20', 'BUYING CHANCE! for', 22266.1, 0, 0), ('2020-08-05', 'BUYING CHANCE! for', 22103.9, 0, 0), ('2020-08-19', 'BUYING CHANCE! for', 22081.3, 0, 0), ('2020-09-29', 'BUYING CHANCE! for', 19834.65, 0, 0), ('2020-12-17', 'BUYING CHANCE! for', 24510.4, 0, 0), ('2020-12-30', 'BUYING CHANCE! for', 24599.95, 0, 0), ('2021-02-02', 'BUYING CHANCE! for', 26432.55, 0, 0), ('2021-03-23', 'BUYING CHANCE! for', 28312.2, 0, 0), ('2021-05-20', 'BUYING CHANCE! for', 27510.35, 0, 0), ('2021-05-27', 'BUYING CHANCE! for', 28066.05, 0, 0), ('2021-07-13', 'BUYING CHANCE! for', 28070.4, 0, 0), ('2021-10-27', 'BUYING CHANCE! for', 28107.75, 0, 0), ('2021-12-10', 'BUYING CHANCE! for', 26406.45, 0, 0)]",False
SBIN,0,0,"[('2019-02-08', 'BOUGHT for', 286.0, 286.0, 1), ('2019-02-15', 'SOLD for', 262.95, 286.0, 'PNL: ', -8.06), ('2019-03-01', 'BUYING CHANCE! for', 272.95, 0, 0), ('2019-05-13', 'BOUGHT for', 306.9, 306.9, 1), ('2019-06-06', 'SOLD for', 336.9, 306.9, 'PNL: ', 9.775171065493646), ('2019-06-21', 'BUYING CHANCE! for', 349.4, 0, 0), ('2019-10-18', 'BOUGHT for', 269.65, 269.65, 1), ('2019-12-05', 'SOLD for', 336.2, 269.65, 'PNL: ', 24.680140923419252), ('2019-12-16', 'BUYING CHANCE! for', 331.85, 0, 0), ('2020-01-10', 'BUYING CHANCE! for', 332.25, 0, 0), ('2020-02-06', 'BUYING CHANCE! for', 321.95, 0, 0), ('2021-02-01', 'BUYING CHANCE! for', 310.7, 0, 0), ('2021-04-01', 'BUYING CHANCE! for', 370.65, 0, 0), ('2021-04-27', 'BOUGHT for', 353.05, 353.05, 1), ('2021-06-11', 'SOLD for', 429.6, 353.05, 'PNL: ', 21.682481234952558), ('2021-06-23', 'BOUGHT for', 418.85, 418.85, 1), ('2021-06-23', 'BUYING CHANCE! for', 418.85, 418.85, 1), ('2021-07-27', 'BOUGHT for', 429.95, 424.4, 2), ('2021-08-31', 'BUYING CHANCE! for', 426.05, 424.4, 2), ('2021-09-27', 'BUYING CHANCE! for', 446.6, 424.4, 2), ('2021-11-01', 'SOLD for', 515.7, 424.4, 'PNL: ', 21.51272384542886), ('2021-12-08', 'BUYING CHANCE! for', 491.55, 0, 0)]",False
SUNPHARMA,0,0,"[('2019-04-25', 'BUYING CHANCE! for', 461.0, 0, 0), ('2019-08-30', 'BUYING CHANCE! for', 450.4, 0, 0), ('2019-10-15', 'BOUGHT for', 396.8, 396.8, 1), ('2019-11-20', 'BUYING CHANCE! for', 450.0, 396.8, 1), ('2019-12-02', 'SOLD for', 440.0, 396.8, 'PNL: ', 10.887096774193546), ('2019-12-31', 'BUYING CHANCE! for', 432.55, 0, 0), ('2020-03-04', 'BOUGHT for', 405.45, 405.45, 1), ('2020-03-12', 'SOLD for', 354.8, 405.45, 'PNL: ', -12.49), ('2020-05-21', 'BOUGHT for', 466.45, 466.45, 1), ('2020-07-09', 'BUYING CHANCE! for', 481.95, 466.45, 1), ('2020-08-17', 'SOLD for', 528.35, 466.45, 'PNL: ', 13.270446993246873), ('2020-08-28', 'BUYING CHANCE! for', 555.75, 0, 0), ('2020-08-31', 'BOUGHT for', 520.25, 520.25, 1), ('2020-09-18', 'BOUGHT for', 523.35, 521.8, 2), ('2020-09-21', 'BOUGHT for', 503.65, 515.75, 3), ('2020-09-30', 'BUYING CHANCE! for', 500.45, 515.75, 3), ('2020-10-28', 'SOLD for', 463.4, 515.75, 'PNL: ', -10.15), ('2020-11-04', 'BOUGHT for', 504.65, 504.65, 1), ('2020-11-04', 'BUYING CHANCE! for', 504.65, 504.65, 1), ('2020-12-21', 'SOLD for', 552.55, 504.65, 'PNL: ', 9.49172693946299), ('2021-03-04', 'BUYING CHANCE! for', 618.95, 0, 0), ('2021-03-31', 'BUYING CHANCE! for', 597.8, 0, 0), ('2021-06-21', 'BOUGHT for', 671.35, 671.35, 1), ('2021-07-13', 'BUYING CHANCE! for', 683.0, 671.35, 1), ('2021-08-20', 'SOLD for', 761.15, 671.35, 'PNL: ', 13.376033365606608), ('2021-08-26', 'BUYING CHANCE! for', 760.55, 0, 0), ('2021-09-24', 'BUYING CHANCE! for', 770.45, 0, 0), ('2021-11-10', 'BUYING CHANCE! for', 811.1, 0, 0), ('2021-12-13', 'BUYING CHANCE! for', 762.6, 0, 0)]",False
TCS,1,3892.9,"[('2019-05-30', 'BUYING CHANCE! for', 2146.3, 0, 0), ('2019-07-03', 'BUYING CHANCE! for', 2237.65, 0, 0), ('2019-08-22', 'BUYING CHANCE! for', 2216.0, 0, 0), ('2019-10-15', 'BUYING CHANCE! for', 2037.3, 0, 0), ('2019-12-06', 'BOUGHT for', 2123.6, 2123.6, 1), ('2020-02-07', 'BUYING CHANCE! for', 2136.55, 2123.6, 1), ('2020-02-28', 'SOLD for', 2000.15, 2123.6, 'PNL: ', -5.81), ('2020-03-06', 'BUYING CHANCE! for', 2116.45, 0, 0), ('2020-06-26', 'BUYING CHANCE! for', 2118.85, 0, 0), ('2020-07-28', 'BUYING CHANCE! for', 2309.75, 0, 0), ('2020-11-06', 'BUYING CHANCE! for', 2707.45, 0, 0), ('2020-11-23', 'BUYING CHANCE! for', 2724.25, 0, 0), ('2021-02-03', 'BUYING CHANCE! for', 3200.05, 0, 0), ('2021-03-04', 'BUYING CHANCE! for', 3049.7, 0, 0), ('2021-05-07', 'BUYING CHANCE! for', 3132.9, 0, 0), ('2021-10-07', 'BOUGHT for', 3892.9, 3892.9, 1), ('2021-10-07', 'BUYING CHANCE! for', 3892.9, 3892.9, 1), ('2021-11-09', 'BUYING CHANCE! for', 3505.7, 3892.9, 1), ('2021-11-30', 'BUYING CHANCE! for', 3529.15, 3892.9, 1)]",False
TATACONSUM,0,0,"[('2019-05-16', 'BUYING CHANCE! for', 220.8, 0, 0), ('2019-07-29', 'BOUGHT for', 256.0, 256.0, 1), ('2019-09-23', 'BUYING CHANCE! for', 273.65, 256.0, 1), ('2019-11-05', 'SOLD for', 300.5, 256.0, 'PNL: ', 17.3828125), ('2019-12-27', 'BUYING CHANCE! for', 318.45, 0, 0), ('2020-02-05', 'BOUGHT for', 394.6, 394.6, 1), ('2020-02-05', 'BUYING CHANCE! for', 394.6, 394.6, 1), ('2020-03-09', 'SOLD for', 330.1, 394.6, 'PNL: ', -16.35), ('2020-06-19', 'BUYING CHANCE! for', 377.3, 0, 0), ('2020-07-30', 'BUYING CHANCE! for', 424.9, 0, 0), ('2020-09-29', 'BUYING CHANCE! for', 503.25, 0, 0), ('2020-10-27', 'BOUGHT for', 498.75, 498.75, 1), ('2020-12-21', 'SOLD for', 562.75, 498.75, 'PNL: ', 12.832080200501252), ('2021-02-04', 'BUYING CHANCE! for', 588.05, 0, 0), ('2021-03-23', 'BOUGHT for', 634.1, 634.1, 1), ('2021-05-17', 'BOUGHT for', 653.3, 643.7, 2), ('2021-05-17', 'BUYING CHANCE! for', 653.3, 643.7, 2), ('2021-07-23', 'BUYING CHANCE! for', 775.15, 643.7, 2), ('2021-08-03', 'BUYING CHANCE! for', 767.65, 643.7, 2), ('2021-09-17', 'SOLD for', 874.15, 643.7, 'PNL: ', 35.80083890010873), ('2021-10-13', 'BUYING CHANCE! for', 848.15, 0, 0), ('2021-10-28', 'BUYING CHANCE! for', 809.7, 0, 0)]",False
TATAMOTORS,0,0,"[('2019-12-05', 'BOUGHT for', 166.1, 166.1, 1), ('2019-12-12', 'BOUGHT for', 173.35, 169.725, 2), ('2020-01-07', 'SOLD for', 184.7, 169.725, 'PNL: ', 8.823096185005152), ('2020-02-06', 'BUYING CHANCE! for', 178.85, 0, 0), ('2020-10-06', 'BUYING CHANCE! for', 144.75, 0, 0), ('2020-10-26', 'BOUGHT for', 133.7, 133.7, 1), ('2020-12-10', 'SOLD for', 177.6, 133.7, 'PNL: ', 32.83470456245326), ('2020-12-24', 'BOUGHT for', 175.95, 175.95, 1), ('2021-01-28', 'SOLD for', 266.8, 175.95, 'PNL: ', 51.63398692810459), ('2021-02-24', 'BOUGHT for', 321.65, 321.65, 1), ('2021-04-01', 'BUYING CHANCE! for', 307.75, 321.65, 1), ('2021-04-28', 'BOUGHT for', 305.9, 313.775, 2), ('2021-04-28', 'BUYING CHANCE! for', 305.9, 313.775, 2), ('2021-05-07', 'BOUGHT for', 302.75, 310.09999999999997, 3), ('2021-05-07', 'BUYING CHANCE! for', 302.75, 310.09999999999997, 3), ('2021-06-18', 'SOLD for', 337.4, 310.09999999999997, 'PNL: ', 8.803611738148987), ('2021-06-29', 'BUYING CHANCE! for', 341.55, 0, 0), ('2021-08-03', 'BUYING CHANCE! for', 303.7, 0, 0), ('2021-08-30', 'BUYING CHANCE! for', 291.95, 0, 0), ('2021-12-08', 'BUYING CHANCE! for', 493.9, 0, 0), ('2021-12-24', 'BUYING CHANCE! for', 467.6, 0, 0)]",False
TATASTEEL,0,0,"[('2019-04-01', 'BUYING CHANCE! for', 535.15, 0, 0), ('2019-04-30', 'BUYING CHANCE! for', 557.2, 0, 0), ('2019-05-28', 'BUYING CHANCE! for', 507.05, 0, 0), ('2019-06-20', 'BOUGHT for', 501.0, 501.0, 1), ('2019-06-20', 'BUYING CHANCE! for', 501.0, 501.0, 1), ('2019-07-10', 'SOLD for', 454.8, 501.0, 'PNL: ', -9.22), ('2020-02-05', 'BUYING CHANCE! for', 475.05, 0, 0), ('2020-09-11', 'BOUGHT for', 407.5, 407.5, 1), ('2020-09-23', 'SOLD for', 361.3, 407.5, 'PNL: ', -11.34), ('2020-10-06', 'BUYING CHANCE! for', 377.4, 0, 0), ('2020-12-24', 'BOUGHT for', 622.3, 622.3, 1), ('2021-01-18', 'SOLD for', 666.7, 622.3, 'PNL: ', 7.1348224329101875), ('2021-02-04', 'BUYING CHANCE! for', 655.95, 0, 0), ('2021-03-22', 'BOUGHT for', 743.5, 743.5, 1), ('2021-03-23', 'BOUGHT for', 741.15, 742.325, 2), ('2021-05-18', 'SOLD for', 1180.0, 742.325, 'PNL: ', 58.96002424813928), ('2021-06-04', 'BUYING CHANCE! for', 1120.7, 0, 0), ('2021-06-07', 'BUYING CHANCE! for', 1128.7, 0, 0), ('2021-06-23', 'BUYING CHANCE! for', 1100.1, 0, 0), ('2021-10-08', 'BOUGHT for', 1301.15, 1301.15, 1), ('2021-10-08', 'BUYING CHANCE! for', 1301.15, 1301.15, 1), ('2021-11-02', 'BOUGHT for', 1313.65, 1307.4, 2), ('2021-11-08', 'BUYING CHANCE! for', 1343.25, 1307.4, 2), ('2021-11-16', 'SOLD for', 1228.8, 1307.4, 'PNL: ', -6.01), ('2021-12-08', 'BUYING CHANCE! for', 1173.0, 0, 0), ('2021-12-23', 'BUYING CHANCE! for', 1127.65, 0, 0), ('2022-01-03', 'BUYING CHANCE! for', 1142.45, 0, 0)]",False
TECHM,0,0,"[('2019-01-11', 'BOUGHT for', 699.2, 699.2, 1), ('2019-04-02', 'BUYING CHANCE! for', 792.45, 699.2, 1), ('2019-04-03', 'BUYING CHANCE! for', 777.7, 699.2, 1), ('2019-04-08', 'BOUGHT for', 787.15, 743.175, 2), ('2019-04-08', 'BUYING CHANCE! for', 787.15, 743.175, 2), ('2019-05-06', 'SOLD for', 820.15, 743.175, 'PNL: ', 10.357587378477481), ('2019-06-04', 'BUYING CHANCE! for', 748.3, 0, 0), ('2019-07-18', 'BOUGHT for', 687.2, 687.2, 1), ('2019-07-18', 'BUYING CHANCE! for', 687.2, 687.2, 1), ('2019-07-24', 'SOLD for', 660.45, 687.2, 'PNL: ', -3.89), ('2019-08-06', 'BOUGHT for', 670.6, 670.6, 1), ('2019-08-06', 'BUYING CHANCE! for', 670.6, 670.6, 1), ('2019-08-13', 'SOLD for', 639.15, 670.6, 'PNL: ', -4.69), ('2020-01-07', 'BOUGHT for', 777.1, 777.1, 1), ('2020-01-07', 'BUYING CHANCE! for', 777.1, 777.1, 1), ('2020-01-24', 'BUYING CHANCE! for', 787.3, 777.1, 1), ('2020-03-09', 'SOLD for', 704.8, 777.1, 'PNL: ', -9.3), ('2020-09-30', 'BUYING CHANCE! for', 791.75, 0, 0), ('2020-11-04', 'BUYING CHANCE! for', 826.85, 0, 0), ('2021-02-08', 'BUYING CHANCE! for', 982.55, 0, 0), ('2021-03-03', 'BUYING CHANCE! for', 976.0, 0, 0), ('2021-03-31', 'BUYING CHANCE! for', 991.45, 0, 0), ('2021-04-07', 'BUYING CHANCE! for', 1002.4, 0, 0), ('2021-05-07', 'BUYING CHANCE! for', 980.95, 0, 0), ('2021-05-19', 'BUYING CHANCE! for', 977.65, 0, 0), ('2021-10-18', 'BUYING CHANCE! for', 1479.65, 0, 0)]",False
TITAN,0,0,"[('2019-03-06', 'BUYING CHANCE! for', 1055.95, 0, 0), ('2019-04-18', 'BUYING CHANCE! for', 1125.4, 0, 0), ('2019-05-10', 'BOUGHT for', 1132.1, 1132.1, 1), ('2019-05-10', 'BUYING CHANCE! for', 1132.1, 1132.1, 1), ('2019-06-18', 'SOLD for', 1257.5, 1132.1, 'PNL: ', 11.076760003533266), ('2019-08-09', 'BUYING CHANCE! for', 1067.0, 0, 0), ('2019-09-09', 'BUYING CHANCE! for', 1088.35, 0, 0), ('2019-11-27', 'BUYING CHANCE! for', 1167.15, 0, 0), ('2019-12-20', 'BUYING CHANCE! for', 1201.9, 0, 0), ('2020-01-15', 'BUYING CHANCE! for', 1184.85, 0, 0), ('2020-02-04', 'BUYING CHANCE! for', 1275.8, 0, 0), ('2020-09-29', 'BUYING CHANCE! for', 1167.3, 0, 0), ('2021-03-03', 'BUYING CHANCE! for', 1474.6, 0, 0), ('2021-05-17', 'BUYING CHANCE! for', 1468.3, 0, 0), ('2021-07-27', 'BOUGHT for', 1729.05, 1729.05, 1), ('2021-07-27', 'BUYING CHANCE! for', 1729.05, 1729.05, 1), ('2021-10-20', 'SOLD for', 2411.4, 1729.05, 'PNL: ', 39.46386744165872), ('2021-12-02', 'BUYING CHANCE! for', 2386.5, 0, 0), ('2021-12-03', 'BUYING CHANCE! for', 2369.25, 0, 0), ('2021-12-23', 'BUYING CHANCE! for', 2329.9, 0, 0)]",False
UPL,0,0,"[('2019-01-30', 'BOUGHT for', 767.35, 767.35, 1), ('2019-03-26', 'SOLD for', 903.3, 767.35, 'PNL: ', 17.716817619078636), ('2019-06-25', 'BUYING CHANCE! for', 934.95, 0, 0), ('2020-09-11', 'BOUGHT for', 499.0, 499.0, 1), ('2020-09-11', 'BUYING CHANCE! for', 499.0, 499.0, 1), ('2020-09-14', 'BUYING CHANCE! for', 515.9, 499.0, 1), ('2020-10-14', 'BUYING CHANCE! for', 510.9, 499.0, 1), ('2020-10-15', 'BUYING CHANCE! for', 506.55, 499.0, 1), ('2020-10-20', 'SOLD for', 455.95, 499.0, 'PNL: ', -8.63), ('2020-11-23', 'BUYING CHANCE! for', 426.45, 0, 0), ('2020-12-16', 'BOUGHT for', 459.65, 459.65, 1), ('2020-12-24', 'BOUGHT for', 449.4, 454.525, 2), ('2021-02-01', 'SOLD for', 534.1, 454.525, 'PNL: ', 17.50728782795227), ('2021-02-18', 'BUYING CHANCE! for', 541.05, 0, 0), ('2021-03-31', 'BUYING CHANCE! for', 641.85, 0, 0), ('2021-05-03', 'BUYING CHANCE! for', 617.8, 0, 0), ('2021-06-25', 'BUYING CHANCE! for', 805.15, 0, 0), ('2021-07-06', 'BUYING CHANCE! for', 803.3, 0, 0), ('2021-09-01', 'BUYING CHANCE! for', 748.65, 0, 0), ('2021-09-02', 'BUYING CHANCE! for', 753.35, 0, 0), ('2021-10-07', 'BOUGHT for', 727.5, 727.5, 1), ('2021-10-27', 'BOUGHT for', 741.5, 734.5, 2), ('2021-10-28', 'BUYING CHANCE! for', 729.9, 734.5, 2), ('2021-11-30', 'SOLD for', 681.7, 734.5, 'PNL: ', -7.19), ('2021-12-08', 'BUYING CHANCE! for', 728.1, 0, 0)]",False
ULTRACEMCO,0,0,"[('2019-01-23', 'BUYING CHANCE! for', 3850.65, 0, 0), ('2019-04-01', 'BUYING CHANCE! for', 4053.5, 0, 0), ('2019-06-24', 'BUYING CHANCE! for', 4574.8, 0, 0), ('2019-07-11', 'BUYING CHANCE! for', 4539.1, 0, 0), ('2019-08-28', 'BUYING CHANCE! for', 4119.8, 0, 0), ('2019-09-13', 'BUYING CHANCE! for', 4031.15, 0, 0), ('2019-09-23', 'BUYING CHANCE! for', 4391.1, 0, 0), ('2019-11-26', 'BUYING CHANCE! for', 4112.85, 0, 0), ('2019-12-24', 'BUYING CHANCE! for', 4097.35, 0, 0), ('2019-12-26', 'BUYING CHANCE! for', 4062.75, 0, 0), ('2020-02-05', 'BUYING CHANCE! for', 4471.8, 0, 0), ('2020-07-17', 'BUYING CHANCE! for', 3862.85, 0, 0), ('2020-09-16', 'BUYING CHANCE! for', 3974.9, 0, 0), ('2021-02-02', 'BUYING CHANCE! for', 6123.55, 0, 0), ('2021-06-21', 'BUYING CHANCE! for', 6775.5, 0, 0), ('2021-08-30', 'BUYING CHANCE! for', 7703.8, 0, 0), ('2021-10-28', 'BUYING CHANCE! for', 7446.65, 0, 0), ('2021-12-22', 'BUYING CHANCE! for', 7377.25, 0, 0)]",False
WIPRO,0,0,"[('2019-05-30', 'BUYING CHANCE! for', 288.0, 0, 0), ('2019-05-31', 'BUYING CHANCE! for', 286.4, 0, 0), ('2019-07-31', 'BOUGHT for', 265.3, 265.3, 1), ('2019-08-14', 'SOLD for', 251.05, 265.3, 'PNL: ', -5.37), ('2020-02-06', 'BUYING CHANCE! for', 243.65, 0, 0), ('2020-09-03', 'BOUGHT for', 282.85, 282.85, 1), ('2020-09-04', 'BOUGHT for', 276.0, 279.425, 2), ('2020-10-15', 'SOLD for', 341.6, 279.425, 'PNL: ', 22.251051265992665), ('2020-11-05', 'BUYING CHANCE! for', 345.4, 0, 0), ('2020-12-17', 'BOUGHT for', 356.9, 356.9, 1), ('2021-01-18', 'SOLD for', 431.55, 356.9, 'PNL: ', 20.91622303166154), ('2021-02-04', 'BUYING CHANCE! for', 429.9, 0, 0), ('2021-02-05', 'BUYING CHANCE! for', 425.55, 0, 0), ('2021-03-03', 'BUYING CHANCE! for', 435.5, 0, 0), ('2021-03-12', 'BOUGHT for', 425.2, 425.2, 1), ('2021-04-01', 'BUYING CHANCE! for', 416.4, 425.2, 1), ('2021-05-14', 'SOLD for', 498.45, 425.2, 'PNL: ', 17.227187206020698), ('2021-07-15', 'BUYING CHANCE! for', 575.9, 0, 0), ('2021-10-12', 'BUYING CHANCE! for', 659.1, 0, 0), ('2021-11-16', 'BOUGHT for', 661.45, 661.45, 1), ('2021-12-01', 'BUYING CHANCE! for', 634.8, 661.45, 1), ('2022-01-19', 'SOLD for', 621.15, 661.45, 'PNL: ', -6.09)]",False
